;Sample No.;V (PbBr2 prec.);c (PbBr2);V (Cs-OA);c (Cs-OA);antisolvent;V (antisolvent);perovskite ?;monodispersity;PLQY;S/P;n_Cs;n_Pb;n_As;Cs_Pb_ratio;AS_Pb_ratio;AS_Cs_ratio;V_total;PL_data;molecule_name;encoding;fwhm;peak_pos
8;10;3000;0.01;150.0;0.02;EtOH;2000;1.0;1.0;0.0;P;3.0;30.0;34260.0;0.1;0.1142;0.06666666666666667;5150.0;10.txt;Ethanol;[1.0, 0.0, 0.2, 0.0, 0.0];0.0852475247524751;460.0
9;11;3000;0.01;150.0;0.02;MeOH;750;1.0;1.0;0.0;P;3.0;30.0;18495.0;0.1;0.06165;0.025;3900.0;11.txt;Methanol;[1.0, 0.0, 0.1, 0.0, 0.0];0.08101098109810945;462.0
10;12;1500;0.01;150.0;0.02;EtOH;1000;1.0;1.0;0.0;P;3.0;15.0;17130.0;0.2;0.1142;0.03333333333333333;2650.0;12.txt;Ethanol;[1.0, 0.0, 0.2, 0.0, 0.0];0.08462754275427553;460.0
11;13;1500;0.01;150.0;0.02;MeOH;500;1.0;1.0;0.0;P;3.0;15.0;12330.0;0.2;0.08220000000000001;0.016666666666666666;2150.0;13.txt;Methanol;[1.0, 0.0, 0.1, 0.0, 0.0];0.08194095409540969;462.0
12;14;1500;0.01;150.0;0.02;i-PrOH;2000;1.0;1.0;0.0;P;3.0;15.0;26160.0;0.2;0.1744;0.06666666666666667;3650.0;14.txt;Isopropanol;[1.0, 0.0, 0.30000000000000004, 0.0, 1.0];0.08855409540954096;458.99999999999994
13;15;1500;0.01;150.0;0.02;n-BuOH;2000;1.0;1.0;0.0;P;3.0;15.0;21800.0;0.2;0.14533333333333334;0.06666666666666667;3650.0;15.txt;Butanol;[1.0, 0.0, 0.4, 0.0, 0.0];0.08442088208820886;461.0
44;46;1500;0.01;150.0;0.02;EtOH;2250;1.0;1.0;0.0;P;3.0;15.0;38542.5;0.2;0.25694999999999996;0.075;3900.0;46.txt;Ethanol;[1.0, 0.0, 0.2, 0.0, 0.0];0.13029954995499526;479.0
45;47;1500;0.01;150.0;0.02;EtOH;2500;1.0;1.0;0.0;P;3.0;15.0;42825.0;0.2;0.2855;0.08333333333333333;4150.0;47.txt;Ethanol;[1.0, 0.0, 0.2, 0.0, 0.0];0.128232943294329;484.99999999999994
46;48;1500;0.01;150.0;0.02;EtOH;2750;1.0;1.0;0.0;P;3.0;15.0;47107.5;0.2;0.31405;0.09166666666666666;4400.0;48.txt;Ethanol;[1.0, 0.0, 0.2, 0.0, 0.0];0.12823294329432944;487.0
47;49;1500;0.01;150.0;0.02;EtOH;3000;1.0;1.0;0.0;P;3.0;15.0;51390.0;0.2;0.34259999999999996;0.1;4650.0;49.txt;Ethanol;[1.0, 0.0, 0.2, 0.0, 0.0];0.15086228622862263;488.00000000000006
48;50;1500;0.01;150.0;0.02;EtOH;4000;1.0;0.0;0.0;P;3.0;15.0;68520.0;0.2;0.4568;0.13333333333333333;5650.0;50.txt;Ethanol;[1.0, 0.0, 0.2, 0.0, 0.0];0.15055229522952285;498.0
49;51;1500;0.01;150.0;0.02;MeOH;250;1.0;1.0;0.0;P;3.0;15.0;6165.0;0.2;0.041100000000000005;0.008333333333333333;1900.0;51.txt;Methanol;[1.0, 0.0, 0.1, 0.0, 0.0];0.0996104410441041;458.99999999999994
50;52;1500;0.01;150.0;0.02;MeOH;500;1.0;1.0;0.0;P;3.0;15.0;12330.0;0.2;0.08220000000000001;0.016666666666666666;2150.0;52.txt;Methanol;[1.0, 0.0, 0.1, 0.0, 0.0];0.08638415841584113;462.0
51;53;1500;0.01;150.0;0.02;MeOH;750;1.0;1.0;0.0;P;3.0;15.0;18495.0;0.2;0.1233;0.025;2400.0;53.txt;Methanol;[1.0, 0.0, 0.1, 0.0, 0.0];0.12885292529252945;480.99999999999994
52;54;1500;0.01;150.0;0.02;MeOH;1000;1.0;1.0;0.0;P;3.0;15.0;24660.0;0.2;0.16440000000000002;0.03333333333333333;2650.0;54.txt;Methanol;[1.0, 0.0, 0.1, 0.0, 0.0];0.12172313231323129;487.0
53;55;1500;0.01;150.0;0.02;MeOH;1250;1.0;1.0;0.0;P;3.0;15.0;30825.0;0.2;0.2055;0.041666666666666664;2900.0;55.txt;Methanol;[1.0, 0.0, 0.1, 0.0, 0.0];0.14197587758775887;496.0
54;56;1500;0.01;150.0;0.02;MeOH;1500;1.0;1.0;0.0;P;3.0;15.0;36990.0;0.2;0.2466;0.05;3150.0;56.txt;Methanol;[1.0, 0.0, 0.1, 0.0, 0.0];0.13505274527452782;506.0
55;57;1500;0.01;150.0;0.02;MeOH;1750;1.0;0.0;0.0;P;3.0;15.0;43155.0;0.2;0.2877;0.058333333333333334;3400.0;57.txt;Methanol;[1.0, 0.0, 0.1, 0.0, 0.0];0.1493123312331237;505.0
56;58;1500;0.01;150.0;0.02;MeOH;2000;1.0;1.0;0.0;P;3.0;15.0;49320.0;0.2;0.32880000000000004;0.06666666666666667;3650.0;58.txt;Methanol;[1.0, 0.0, 0.1, 0.0, 0.0];0.09382394239423952;512.0
57;59;1200;0.01;300.0;0.02;MeOH;2000;1.0;1.0;0.0;P;6.0;12.0;49320.0;0.5;0.411;0.03333333333333333;3500.0;59.txt;Methanol;[1.0, 0.0, 0.1, 0.0, 0.0];0.08514419441944199;512.0
58;60;1125;0.01;375.0;0.02;MeOH;2000;1.0;1.0;0.0;P;7.5;11.25;49320.0;0.6666666666666666;0.4384;0.02666666666666667;3500.0;60.txt;Methanol;[1.0, 0.0, 0.1, 0.0, 0.0];0.08266426642664282;513.0
59;61;1000;0.01;500.0;0.02;EtOH;2000;1.0;1.0;0.0;P;10.0;10.0;34260.0;1.0;0.34259999999999996;0.02;3500.0;61.txt;Ethanol;[1.0, 0.0, 0.2, 0.0, 0.0];0.09144734473447347;514.0
60;62;1000;0.01;500.0;0.02;MeOH;2000;1.0;1.0;0.0;P;10.0;10.0;49320.0;1.0;0.4932;0.02;3500.0;62.txt;Methanol;[1.0, 0.0, 0.1, 0.0, 0.0];0.07884104410441051;514.0
61;63;1610;0.01;40.0;0.02;EtOH;2000;1.0;1.0;0.0;P;0.8;16.1;34260.0;0.049689440993788817;0.21279503105590059;0.25;3650.0;63.txt;Ethanol;[1.0, 0.0, 0.2, 0.0, 0.0];0.13122952295229506;461.0
62;64;1570;0.01;80.0;0.02;EtOH;2000;1.0;1.0;0.0;P;1.6;15.700000000000001;34260.0;0.10191082802547771;0.21821656050955412;0.125;3650.0;64.txt;Ethanol;[1.0, 0.0, 0.2, 0.0, 0.0];0.13463942394239403;462.99999999999994
63;65;1535;0.01;115.0;0.02;EtOH;2000;1.0;1.0;0.0;P;2.3000000000000003;15.35;34260.0;0.1498371335504886;0.22319218241042346;0.08695652173913042;3650.0;65.txt;Ethanol;[1.0, 0.0, 0.2, 0.0, 0.0];0.14610909090909097;471.0
64;66;1500;0.01;150.0;0.02;EtOH;2000;1.0;1.0;0.0;P;3.0;15.0;34260.0;0.2;0.2284;0.06666666666666667;3650.0;66.txt;Ethanol;[1.0, 0.0, 0.2, 0.0, 0.0];0.13174617461746152;475.00000000000006
65;67;1465;0.01;185.0;0.02;EtOH;2000;1.0;1.0;0.0;P;3.7;14.65;34260.0;0.2525597269624573;0.23385665529010238;0.05405405405405406;3650.0;67.txt;Ethanol;[1.0, 0.0, 0.2, 0.0, 0.0];0.1275096309630963;477.0
66;68;1435;0.01;215.0;0.02;EtOH;2000;1.0;1.0;0.0;P;4.3;14.35;34260.0;0.29965156794425085;0.23874564459930311;0.046511627906976744;3650.0;68.txt;Ethanol;[1.0, 0.0, 0.2, 0.0, 0.0];0.166878487848785;475.00000000000006
67;69;1395;0.01;245.0;0.02;EtOH;2000;1.0;0.0;0.0;P;4.9;13.950000000000001;34260.0;0.35125448028673834;0.24559139784946235;0.04081632653061224;3640.0;69.txt;Ethanol;[1.0, 0.0, 0.2, 0.0, 0.0];0.21089720972097226;494.00000000000006
68;70;1365;0.01;270.0;0.02;EtOH;2000;1.0;0.0;0.0;P;5.4;13.65;34260.0;0.39560439560439564;0.250989010989011;0.037037037037037035;3635.0;70.txt;Ethanol;[1.0, 0.0, 0.2, 0.0, 0.0];0.20325076507650763;499.0
69;71;1500;0.01;600.0;0.005;EtOH;2000;1.0;1.0;0.0;P;3.0;15.0;34260.0;0.2;0.2284;0.06666666666666667;4100.0;71.txt;Ethanol;[1.0, 0.0, 0.2, 0.0, 0.0];0.13784266426642677;464.0
70;72;1500;0.01;150.0;0.01;EtOH;2000;1.0;1.0;0.0;P;1.5;15.0;34260.0;0.1;0.2284;0.13333333333333333;3650.0;72.txt;Ethanol;[1.0, 0.0, 0.2, 0.0, 0.0];0.13577605760576006;467.0
71;73;1500;0.01;150.0;0.02;EtOH;2000;1.0;1.0;0.0;P;3.0;15.0;34260.0;0.2;0.2284;0.06666666666666667;3650.0;73.txt;Ethanol;[1.0, 0.0, 0.2, 0.0, 0.0];0.13019621962196215;470.00000000000006
72;74;1500;0.01;150.0;0.022;EtOH;2000;1.0;1.0;0.0;P;3.3;15.0;34260.0;0.22;0.2284;0.06060606060606061;3650.0;74.txt;Ethanol;[1.0, 0.0, 0.2, 0.0, 0.0];0.1339161116111609;471.0
73;75;1500;0.01;150.0;0.024;EtOH;2000;1.0;1.0;0.0;P;3.6;15.0;34260.0;0.24000000000000002;0.2284;0.05555555555555555;3650.0;75.txt;Ethanol;[1.0, 0.0, 0.2, 0.0, 0.0];0.12130981098109794;473.0
74;76;1500;0.01;150.0;0.026;EtOH;2000;1.0;1.0;0.0;P;3.9;15.0;34260.0;0.26;0.2284;0.05128205128205128;3650.0;76.txt;Ethanol;[1.0, 0.0, 0.2, 0.0, 0.0];0.12161980198019817;477.0
75;77;1500;0.01;150.0;0.028;EtOH;2000;1.0;1.0;0.0;P;4.2;15.0;34260.0;0.28;0.2284;0.047619047619047616;3650.0;77.txt;Ethanol;[1.0, 0.0, 0.2, 0.0, 0.0];0.12533969396939693;477.0
76;78;1500;0.01;150.0;0.03;EtOH;2000;1.0;1.0;0.0;P;4.5;15.0;34260.0;0.3;0.2284;0.044444444444444446;3650.0;78.txt;Ethanol;[1.0, 0.0, 0.2, 0.0, 0.0];0.13432943294329425;479.0
77;79;1500;0.01;150.0;0.04;EtOH;2000;1.0;0.0;0.0;P;6.0;15.0;34260.0;0.4;0.2284;0.03333333333333333;3650.0;79.txt;Ethanol;[1.0, 0.0, 0.2, 0.0, 0.0];0.26845220522052227;493.0
78;80;1500;0.01;150.0;0.1;EtOH;2000;1.0;1.0;0.0;P;15.0;15.0;34260.0;1.0;0.2284;0.013333333333333334;3650.0;80.txt;Ethanol;[1.0, 0.0, 0.2, 0.0, 0.0];0.12947290729072902;514.0
79;81;1500;0.02;150.0;0.02;EtOH;2000;1.0;1.0;0.0;P;3.0;30.0;34260.0;0.1;0.1142;0.06666666666666667;3650.0;81.txt;Ethanol;[1.0, 0.0, 0.2, 0.0, 0.0];0.0969238523852387;471.99999999999994
80;82;1500;0.01;150.0;0.02;EtOH;2000;1.0;1.0;0.0;P;3.0;15.0;34260.0;0.2;0.2284;0.06666666666666667;3650.0;82.txt;Ethanol;[1.0, 0.0, 0.2, 0.0, 0.0];0.09754383438343828;484.99999999999994
81;83;1500;0.009;150.0;0.02;EtOH;2000;1.0;1.0;0.0;P;3.0;13.499999999999998;34260.0;0.22222222222222224;0.2537777777777778;0.06666666666666667;3650.0;83.txt;Ethanol;[1.0, 0.0, 0.2, 0.0, 0.0];0.11975985598559857;485.99999999999994
82;84;1500;0.008;150.0;0.02;EtOH;2000;1.0;0.0;0.0;P;3.0;12.0;34260.0;0.25;0.2855;0.06666666666666667;3650.0;84.txt;Ethanol;[1.0, 0.0, 0.2, 0.0, 0.0];0.19353771377137718;499.0
83;85;1500;0.0066;150.0;0.02;EtOH;2000;1.0;1.0;0.0;P;3.0;9.9;34260.0;0.30303030303030304;0.34606060606060607;0.06666666666666667;3650.0;85.txt;Ethanol;[1.0, 0.0, 0.2, 0.0, 0.0];0.12802628262826277;507.99999999999994
84;86;1500;0.005;150.0;0.02;EtOH;2000;1.0;1.0;0.0;P;3.0;7.5;34260.0;0.4;0.4568;0.06666666666666667;3650.0;86.txt;Ethanol;[1.0, 0.0, 0.2, 0.0, 0.0];0.10477695769576956;515.0
89;91;1500;0.01;75.0;0.02;EtOH;1000;1.0;1.0;0.0;P;1.5;15.0;17130.0;0.1;0.1142;0.06666666666666667;2575.0;91.txt;Ethanol;[1.0, 0.0, 0.2, 0.0, 0.0];0.09062070207020723;460.0
90;92;1500;0.01;75.0;0.02;MeOH;1000;1.0;1.0;0.0;P;1.5;15.0;24660.0;0.1;0.16440000000000002;0.06666666666666667;2575.0;92.txt;Methanol;[1.0, 0.0, 0.1, 0.0, 0.0];0.1297828982898288;485.99999999999994
91;93;1500;0.01;150.0;0.02;EtOH;2000;1.0;1.0;0.0;P;3.0;15.0;34260.0;0.2;0.2284;0.06666666666666667;3650.0;93.txt;Ethanol;[1.0, 0.0, 0.2, 0.0, 0.0];0.12719963996399608;473.0
94;96;1500;0.01;150.0;0.02;MeOH;1000;1.0;1.0;0.0;P;3.0;15.0;24660.0;0.2;0.16440000000000002;0.03333333333333333;2650.0;96.txt;Methanol;[1.0, 0.0, 0.1, 0.0, 0.0];0.12740630063006275;487.0
97;99;1200;0.01;300.0;0.02;EtOH;2000;1.0;0.0;0.0;P;6.0;12.0;34260.0;0.5;0.2855;0.03333333333333333;3500.0;99.txt;Ethanol;[1.0, 0.0, 0.2, 0.0, 0.0];0.1538588658865887;511.0
98;100;1200;0.01;300.0;0.02;MeOH;2000;1.0;1.0;0.0;P;6.0;12.0;49320.0;0.5;0.411;0.03333333333333333;3500.0;100.txt;Methanol;[1.0, 0.0, 0.1, 0.0, 0.0];0.07646444644464445;516.0
99;101;1200;0.01;300.0;0.02;MeOH;1000;1.0;1.0;0.0;P;6.0;12.0;24660.0;0.5;0.2055;0.016666666666666666;2500.0;101.txt;Methanol;[1.0, 0.0, 0.1, 0.0, 0.0];0.07863438343834384;515.0
102;104;1125;0.01;375.0;0.02;EtOH;2000;1.0;1.0;0.0;P;7.5;11.25;34260.0;0.6666666666666666;0.3045333333333333;0.02666666666666667;3500.0;104.txt;Ethanol;[1.0, 0.0, 0.2, 0.0, 0.0];0.13257281728172776;514.0
103;105;1125;0.01;375.0;0.02;MeOH;2000;1.0;1.0;0.0;P;7.5;11.25;49320.0;0.6666666666666666;0.4384;0.02666666666666667;3500.0;105.txt;Methanol;[1.0, 0.0, 0.1, 0.0, 0.0];0.07636111611161134;516.0
104;106;1000;0.01;500.0;0.02;EtOH;2000;1.0;0.0;0.0;P;10.0;10.0;34260.0;1.0;0.34259999999999996;0.02;3500.0;106.txt;Ethanol;[1.0, 0.0, 0.2, 0.0, 0.0];0.10550027002700268;515.0
105;107;1000;0.01;500.0;0.02;MeOH;2000;1.0;1.0;0.0;P;10.0;10.0;49320.0;1.0;0.4932;0.02;3500.0;107.txt;Methanol;[1.0, 0.0, 0.1, 0.0, 0.0];0.07563780378037821;516.0
108;110;1500;0.01;75.0;0.02;MeOH;125;1.0;1.0;0.0;P;1.5;15.0;3082.5;0.1;0.020550000000000002;0.008333333333333333;1700.0;110.txt;Methanol;[1.0, 0.0, 0.1, 0.0, 0.0];0.11418001800180022;455.0
109;111;1500;0.01;75.0;0.02;MeOH;250;1.0;1.0;0.0;P;1.5;15.0;6165.0;0.1;0.041100000000000005;0.016666666666666666;1825.0;111.txt;Methanol;[1.0, 0.0, 0.1, 0.0, 0.0];0.1083935193519352;458.99999999999994
110;112;1500;0.01;75.0;0.02;MeOH;375;1.0;1.0;0.0;P;1.5;15.0;9247.5;0.1;0.06165;0.025;1950.0;112.txt;Methanol;[1.0, 0.0, 0.1, 0.0, 0.0];0.08545418541854177;461.0
111;113;1500;0.01;75.0;0.02;MeOH;500;1.0;1.0;0.0;P;1.5;15.0;12330.0;0.1;0.08220000000000001;0.03333333333333333;2075.0;113.txt;Methanol;[1.0, 0.0, 0.1, 0.0, 0.0];0.08762412241224116;461.0
112;114;1500;0.01;75.0;0.02;MeOH;625;1.0;1.0;0.0;P;1.5;15.0;15412.5;0.1;0.10275;0.041666666666666664;2200.0;114.txt;Methanol;[1.0, 0.0, 0.1, 0.0, 0.0];0.14331917191719157;462.0
113;115;1500;0.01;75.0;0.02;MeOH;750;1.0;1.0;0.0;P;1.5;15.0;18495.0;0.1;0.1233;0.05;2325.0;115.txt;Methanol;[1.0, 0.0, 0.1, 0.0, 0.0];0.12337641764176421;479.0
114;116;1500;0.01;75.0;0.02;MeOH;875;1.0;1.0;0.0;P;1.5;15.0;21577.5;0.1;0.14385;0.058333333333333334;2450.0;116.txt;Methanol;[1.0, 0.0, 0.1, 0.0, 0.0];0.12399639963996423;484.99999999999994
115;117;1500;0.01;75.0;0.02;MeOH;1000;1.0;1.0;0.0;P;1.5;15.0;24660.0;0.1;0.16440000000000002;0.06666666666666667;2575.0;117.txt;Methanol;[1.0, 0.0, 0.1, 0.0, 0.0];0.12316975697569754;487.0
116;118;1500;0.01;150.0;0.02;EtOH;250;1.0;1.0;0.0;P;3.0;15.0;4282.5;0.2;0.02855;0.008333333333333333;1900.0;118.txt;Ethanol;[1.0, 0.0, 0.2, 0.0, 0.0];0.10436363636363621;456.99999999999994
117;119;1500;0.01;150.0;0.02;EtOH;500;1.0;1.0;0.0;P;3.0;15.0;8565.0;0.2;0.0571;0.016666666666666666;2150.0;119.txt;Ethanol;[1.0, 0.0, 0.2, 0.0, 0.0];0.09527056705670578;458.00000000000006
118;120;1500;0.01;150.0;0.02;EtOH;750;1.0;1.0;0.0;P;3.0;15.0;12847.5;0.2;0.08564999999999999;0.025;2400.0;120.txt;Ethanol;[1.0, 0.0, 0.2, 0.0, 0.0];0.08493753375337532;460.0
119;121;1500;0.01;150.0;0.02;EtOH;1000;1.0;1.0;0.0;P;3.0;15.0;17130.0;0.2;0.1142;0.03333333333333333;2650.0;121.txt;Ethanol;[1.0, 0.0, 0.2, 0.0, 0.0];0.09041404140414055;460.0
120;122;1500;0.01;150.0;0.02;EtOH;1250;1.0;1.0;0.0;P;3.0;15.0;21412.5;0.2;0.14275;0.041666666666666664;2900.0;122.txt;Ethanol;[1.0, 0.0, 0.2, 0.0, 0.0];0.09475391539153888;460.0
121;123;1500;0.01;150.0;0.02;EtOH;1500;1.0;1.0;0.0;P;3.0;15.0;25695.0;0.2;0.17129999999999998;0.05;3150.0;123.txt;Ethanol;[1.0, 0.0, 0.2, 0.0, 0.0];0.1024003600360035;462.0
122;124;1500;0.01;150.0;0.02;EtOH;1750;1.0;1.0;0.0;P;3.0;15.0;29977.5;0.2;0.19985;0.058333333333333334;3400.0;124.txt;Ethanol;[1.0, 0.0, 0.2, 0.0, 0.0];0.13174617461746196;467.0
123;125;1500;0.01;150.0;0.02;EtOH;2000;1.0;1.0;0.0;P;3.0;15.0;34260.0;0.2;0.2284;0.06666666666666667;3650.0;125.txt;Ethanol;[1.0, 0.0, 0.2, 0.0, 0.0];0.13401944194419446;473.0
127;129;1500;0.01;75.0;0.04;Tol;0;1.0;1.0;0.0;P;3.0;15.0;0.0;0.2;0.0;0.0;1575.0;129.txt;Toluene;[1.0, 0.0, 0.0, 0.0, 0.0];0.07925436543654385;429.0
129;131;1500;0.01;75.0;0.1;Tol;0;1.0;0.0;0.0;P;7.5;15.0;0.0;0.5;0.0;0.0;1575.0;131.txt;Toluene;[1.0, 0.0, 0.0, 0.0, 0.0];0.11480000000000024;461.0
143;147;1245;0.063;481.0;0.004;CyPen;1030;1.0;0.0;0.194;P;1.924;78.435;11628.699999999999;0.024529865493720913;0.014825906801810415;0.05353430353430354;2756.0;147.txt;Cyclopentanone;[0.0, 1.0, 0.5, 1.0, 2.0];0.1474523852385241;458.99999999999994
150;154;1330;0.01;26.0;0.0107;i-PrOH;3800;1.0;1.0;0.104;P;0.2782;13.3;49704.0;0.020917293233082706;0.3737142857142857;1.3659237958303379;5156.0;154.txt;Isopropanol;[1.0, 0.0, 0.30000000000000004, 0.0, 1.0];0.1074635463546354;462.99999999999994
155;160;1045;0.01;499.0;0.0177;MeOH;724;1.0;1.0;0.0254;P;8.8323;10.450000000000001;17853.84;0.8451961722488037;0.17085014354066982;0.008197185331114206;2268.0;160.txt;Methanol;[1.0, 0.0, 0.1, 0.0, 0.0];0.0778077407740776;516.0
173;178;4035;0.01;147.0;0.23;MeOH;845;1.0;1.0;0.0676;P;33.81;40.35;20837.7;0.837918215613383;0.05164237918215613;0.0024992605737947354;5027.0;178.txt;Methanol;[1.0, 0.0, 0.1, 0.0, 0.0];0.07450117011701174;514.0
174;179;675;0.01;197.0;0.0132;n-BuOH;1120;1.0;1.0;0.2232;P;2.6004;6.75;12208.0;0.38524444444444444;0.18085925925925928;0.04307029687740348;1992.0;179.txt;Butanol;[1.0, 0.0, 0.4, 0.0, 0.0];0.09093069306930701;456.0
175;180;695;0.01;249.0;0.0173;i-PrOH;1155;1.0;0.0;0.6324;P;4.3077;6.95;15107.4;0.6198129496402877;0.2173726618705036;0.02681245212062121;2099.0;180.txt;Isopropanol;[1.0, 0.0, 0.30000000000000004, 0.0, 1.0];0.2740320432043202;495.0
176;181;1395;0.01;425.0;0.0134;n-BuOH;2900;1.0;0.0;0.2597;P;5.695;13.950000000000001;31610.0;0.4082437275985663;0.22659498207885304;0.050921861281826165;4720.0;181.txt;Butanol;[1.0, 0.0, 0.4, 0.0, 0.0];0.09341062106210618;456.99999999999994
177;182;695;0.01;221.0;0.0127;n-BuOH;3845;1.0;1.0;0.3467;P;2.8066999999999998;6.95;41910.5;0.403841726618705;0.6030287769784173;0.1369936224035344;4761.0;182.txt;Butanol;[1.0, 0.0, 0.4, 0.0, 0.0];0.11356003600360065;510.0
178;183;1705;0.01;369.0;0.0185;n-BuOH;3950;1.0;0.0;0.2465;P;6.826499999999999;17.05;43055.0;0.4003812316715542;0.25252199413489734;0.05786274078957006;6024.0;183.txt;Butanol;[1.0, 0.0, 0.4, 0.0, 0.0];0.09950711071107099;458.00000000000006
180;185;1080;0.01;255.0;0.0174;n-BuOH;2385;1.0;0.0;0.2291;P;4.436999999999999;10.8;25996.5;0.4108333333333333;0.24070833333333333;0.05375253549695741;3720.0;185.txt;Butanol;[1.0, 0.0, 0.4, 0.0, 0.0];0.09640720072007225;456.99999999999994
182;187;965;0.01;326.0;0.0122;n-BuOH;2575;1.0;0.0;0.5882;P;3.9772000000000003;9.65;28067.5;0.41214507772020725;0.29085492227979276;0.0647440410338932;3866.0;187.txt;Butanol;[1.0, 0.0, 0.4, 0.0, 0.0];0.15788874887488769;507.99999999999994
183;188;975;0.01;278.0;0.0141;n-BuOH;3600;1.0;0.0;0.4904;P;3.9198;9.75;39240.0;0.40203076923076925;0.40246153846153854;0.09184142048063677;4853.0;188.txt;Butanol;[1.0, 0.0, 0.4, 0.0, 0.0];0.1208964896489646;509.0
186;191;2270;0.011;500.0;0.02;EtOH;626;1.0;1.0;0.1049;P;10.0;24.97;10723.38;0.40048057669203047;0.042945054064877856;0.00626;3396.0;191.txt;Ethanol;[1.0, 0.0, 0.2, 0.0, 0.0];0.07884104410441051;460.0
187;192;1990;0.007;445.0;0.02;n-BuOH;497;1.0;1.0;0.2254;S;8.9;13.93;5417.3;0.6389088298636038;0.03888944723618091;0.005584269662921348;2932.0;192.txt;Butanol;[1.0, 0.0, 0.4, 0.0, 0.0];0.16357191719171915;461.0
188;193;4505;0.003;327.0;0.02;EtOH;561;1.0;1.0;0.5376;S;6.54;13.515;9609.93;0.4839067702552719;0.07110566037735849;0.008577981651376148;5393.0;193.txt;Ethanol;[1.0, 0.0, 0.2, 0.0, 0.0];0.11614329432943293;456.99999999999994
189;194;2915;0.004;364.0;0.02;n-BuOH;3310;1.0;1.0;0.8772;S;7.28;11.66;36079.0;0.6243567753001715;0.3094253859348199;0.045467032967032965;6589.0;194.txt;Butanol;[1.0, 0.0, 0.4, 0.0, 0.0];0.09206732673267304;501.0
190;195;3900;0.006;473.0;0.02;EtOH;1240;1.0;1.0;0.1126;S;9.46;23.400000000000002;21241.199999999997;0.4042735042735043;0.09077435897435897;0.01310782241014799;5613.0;195.txt;Ethanol;[1.0, 0.0, 0.2, 0.0, 0.0];0.11748658865886563;462.0
191;196;4555;0.005;428.0;0.02;EtOH;1500;1.0;1.0;0.2832;S;8.56;22.775000000000002;25695.0;0.3758507135016465;0.112821075740944;0.017523364485981307;6483.0;196.txt;Ethanol;[1.0, 0.0, 0.2, 0.0, 0.0];0.11170009000900105;460.0
192;197;4420;0.005;492.0;0.02;EtOH;910;1.0;1.0;0.2951;S;9.84;22.1;15588.3;0.4452488687782805;0.07053529411764706;0.009247967479674797;5822.0;197.txt;Ethanol;[1.0, 0.0, 0.2, 0.0, 0.0];0.09888712871287142;456.0
193;198;4960;0.002;190.0;0.02;EtOH;1920;1.0;1.0;0.4492;S;3.8000000000000003;9.92;32889.6;0.3830645161290323;0.3315483870967742;0.05052631578947368;7070.0;198.txt;Ethanol;[1.0, 0.0, 0.2, 0.0, 0.0];0.15323888388838913;480.0
194;199;1585;0.006;387.0;0.02;MeOH;880;1.0;1.0;0.0156;P;7.74;9.51;21700.8;0.8138801261829653;0.2281892744479495;0.011369509043927648;2852.0;199.txt;Methanol;[1.0, 0.0, 0.1, 0.0, 0.0];0.07388118811881172;516.0
195;200;1165;0.007;150.0;0.02;MeOH;759;1.0;1.0;0.5845;P;3.0;8.155;18716.94;0.3678724708767627;0.22951489883507054;0.0253;2074.0;200.txt;Methanol;[1.0, 0.0, 0.1, 0.0, 0.0];0.08814077407740761;511.0
196;201;1765;0.011;435.0;0.02;MeOH;1195;1.0;1.0;0.376;P;8.700000000000001;19.415;29468.7;0.4481071336595417;0.15178315735256245;0.013735632183908044;3395.0;201.txt;Methanol;[1.0, 0.0, 0.1, 0.0, 0.0];0.08700414041404114;512.0
197;202;2645;0.009;459.0;0.02;MeOH;1800;1.0;1.0;0.7182;P;9.18;23.805;44388.0;0.3856332703213611;0.18646502835538753;0.0196078431372549;4904.0;202.txt;Methanol;[1.0, 0.0, 0.1, 0.0, 0.0];0.09341062106210618;510.0
198;203;4545;0.011;68.0;0.1217;MeOH;1255;1.0;1.0;0.4055;S;8.2756;49.995;30948.3;0.16552855285528556;0.0619027902790279;0.015165063560346075;5868.0;203.txt;Methanol;[1.0, 0.0, 0.1, 0.0, 0.0];0.11924320432043212;473.0
201;206;2635;0.0146;106.0;0.1315;MeOH;1810;1.0;0.0;0.1782;P;13.939;38.471000000000004;44634.6;0.3623248680824517;0.11602141873099216;0.012985149580314227;4551.0;206.txt;Methanol;[1.0, 0.0, 0.1, 0.0, 0.0];0.07574113411341132;514.0
202;207;4710;0.0088;272.0;0.02;MeOH;1245;1.0;1.0;0.1045;P;5.44;41.448;30701.7;0.13124879366917586;0.07407281412854662;0.022886029411764704;6227.0;207.txt;Methanol;[1.0, 0.0, 0.1, 0.0, 0.0];0.08214761476147592;458.99999999999994
203;208;1905;0.0061;452.0;0.02;EtOH;264;1.0;1.0;0.2203;S;9.040000000000001;11.620500000000002;4522.32;0.7779355449421281;0.03891674196463146;0.0029203539823008844;2621.0;208.txt;Ethanol;[1.0, 0.0, 0.2, 0.0, 0.0];0.12575301530153027;473.0
204;209;3635;0.0124;474.0;0.02;MeOH;1005;1.0;1.0;0.1072;P;9.48;45.074;24783.3;0.21032080578604076;0.05498358255313485;0.01060126582278481;5114.0;209.txt;Methanol;[1.0, 0.0, 0.1, 0.0, 0.0];0.08287092709270905;460.0
205;210;4875;0.0025;310.0;0.02;i-PrOH;2620;1.0;1.0;0.2439;S;6.2;12.1875;34269.6;0.5087179487179487;0.28118646153846155;0.04225806451612903;7805.0;210.txt;Isopropanol;[1.0, 0.0, 0.30000000000000004, 0.0, 1.0];0.13825598559856012;473.0
206;211;4830;0.003;166.0;0.02;MeOH;1385;1.0;1.0;0.4177;S;3.3200000000000003;14.49;34154.1;0.22912353347135958;0.23570807453416148;0.041716867469879515;6381.0;211.txt;Methanol;[1.0, 0.0, 0.1, 0.0, 0.0];0.11583330333033315;488.00000000000006
207;212;4695;0.0022;262.0;0.02;i-PrOH;3360;1.0;1.0;0.2928;S;5.24;10.329;43948.8;0.5073095168941815;0.42548939878013364;0.06412213740458016;8317.0;212.txt;Isopropanol;[1.0, 0.0, 0.30000000000000004, 0.0, 1.0];0.1279229522952292;476.0
208;213;3615;0.0038;171.0;0.02;MeOH;995;1.0;1.0;0.4485;S;3.42;13.737;24536.7;0.24896265560165975;0.17861760209652763;0.029093567251461987;4781.0;213.txt;Methanol;[1.0, 0.0, 0.1, 0.0, 0.0];0.1259596759675965;485.99999999999994
210;215;1255;0.0107;340.0;0.02;MeOH;639;1.0;1.0;0.273;S;6.8;13.4285;15757.74;0.5063856722642142;0.11734549651859849;0.009397058823529411;2234.0;215.txt;Methanol;[1.0, 0.0, 0.1, 0.0, 0.0];0.10715355535553561;475.00000000000006
211;216;576;0.0184;318.0;0.02;MeOH;271;1.0;0.0;0.5809;S;6.36;10.5984;6682.86;0.600090579710145;0.06305536684782609;0.004261006289308176;1165.0;216.txt;Methanol;[1.0, 0.0, 0.1, 0.0, 0.0];0.14125256525652574;507.0
212;217;2185;0.0047;255.0;0.02;MeOH;620;1.0;1.0;0.3935;S;5.1000000000000005;10.2695;15289.2;0.4966161935829398;0.1488796922927114;0.012156862745098038;3060.0;217.txt;Methanol;[1.0, 0.0, 0.1, 0.0, 0.0];0.09981710171017077;491.99999999999994
213;218;4710;0.0088;272.0;0.02;MeOH;1245;1.0;1.0;0.4061;S;5.44;41.448;30701.7;0.13124879366917586;0.07407281412854662;0.022886029411764704;6227.0;218.txt;Methanol;[1.0, 0.0, 0.1, 0.0, 0.0];0.12947290729072902;468.0
214;219;3635;0.0124;474.0;0.02;MeOH;1005;1.0;1.0;0.3037;S;9.48;45.074;24783.3;0.21032080578604076;0.05498358255313485;0.01060126582278481;5114.0;219.txt;Methanol;[1.0, 0.0, 0.1, 0.0, 0.0];0.1269929792979294;462.99999999999994
215;220;4830;0.003;166.0;0.02;MeOH;1385;1.0;1.0;0.4468;P;3.3200000000000003;14.49;34154.1;0.22912353347135958;0.23570807453416148;0.041716867469879515;6381.0;220.txt;Methanol;[1.0, 0.0, 0.1, 0.0, 0.0];0.08648748874887513;501.0
216;221;3615;0.0038;171.0;0.02;MeOH;995;1.0;1.0;0.6156;P;3.42;13.737;24536.7;0.24896265560165975;0.17861760209652763;0.029093567251461987;4781.0;221.txt;Methanol;[1.0, 0.0, 0.1, 0.0, 0.0];0.10012709270927056;501.0
218;223;2185;0.0047;255.0;0.02;MeOH;620;1.0;1.0;0.6558;P;5.1000000000000005;10.2695;15289.2;0.4966161935829398;0.1488796922927114;0.012156862745098038;3060.0;223.txt;Methanol;[1.0, 0.0, 0.1, 0.0, 0.0];0.10756687668766851;509.0
219;224;1000;0.01;100.0;0.02;CyPen;1335;1.0;1.0;0.0;S;2.0;10.0;15072.15;0.2;0.1507215;0.06675;2435.0;224.txt;Cyclopentanone;[0.0, 1.0, 0.5, 1.0, 2.0];0.11066678667866814;470.00000000000006
220;225;1000;0.005;100.0;0.02;CyPen;1335;1.0;1.0;0.0;S;2.0;5.0;15072.15;0.4;0.301443;0.06675;2435.0;225.txt;Cyclopentanone;[0.0, 1.0, 0.5, 1.0, 2.0];0.10033375337533768;493.0
221;226;1000;0.0033;100.0;0.02;CyPen;1335;1.0;1.0;0.0;S;2.0;3.3;15072.15;0.6060606060606061;0.4567318181818181;0.06675;2435.0;226.txt;Cyclopentanone;[0.0, 1.0, 0.5, 1.0, 2.0];0.0797710171017103;505.0
222;227;1000;0.0025;100.0;0.02;CyPen;1335;1.0;1.0;0.0;S;2.0;2.5;15072.15;0.8;0.602886;0.06675;2435.0;227.txt;Cyclopentanone;[0.0, 1.0, 0.5, 1.0, 2.0];0.09155067506750703;511.0
223;228;1000;0.002;100.0;0.02;CyPen;1335;1.0;1.0;0.0;S;2.0;2.0;15072.15;1.0;0.7536075;0.06675;2435.0;228.txt;Cyclopentanone;[0.0, 1.0, 0.5, 1.0, 2.0];0.1232730873087311;505.0
224;229;1000;0.0066;100.0;0.02;CyPen;1335;1.0;1.0;0.0;S;2.0;6.6;15072.15;0.30303030303030304;0.22836590909090906;0.06675;2435.0;229.txt;Cyclopentanone;[0.0, 1.0, 0.5, 1.0, 2.0];0.11066678667866814;483.99999999999994
225;230;1000;0.004;100.0;0.02;CyPen;1335;1.0;1.0;0.0;S;2.0;4.0;15072.15;0.5;0.37680375;0.06675;2435.0;230.txt;Cyclopentanone;[0.0, 1.0, 0.5, 1.0, 2.0];0.08793411341134139;499.0
228;233;1000;0.0066;100.0;0.02;CyPen;1500;1.0;1.0;0.0;S;2.0;6.6;16935.0;0.30303030303030304;0.2565909090909091;0.075;2600.0;233.txt;Cyclopentanone;[0.0, 1.0, 0.5, 1.0, 2.0];0.10395031503150332;489.0
229;234;1000;0.0066;100.0;0.02;CyPen;1750;1.0;1.0;0.0;S;2.0;6.6;19757.5;0.30303030303030304;0.29935606060606057;0.0875;2850.0;234.txt;Cyclopentanone;[0.0, 1.0, 0.5, 1.0, 2.0];0.10291701170116996;494.00000000000006
230;235;1000;0.0066;100.0;0.02;CyPen;2000;1.0;1.0;0.0;S;2.0;6.6;22580.0;0.30303030303030304;0.3421212121212121;0.1;3100.0;235.txt;Cyclopentanone;[0.0, 1.0, 0.5, 1.0, 2.0];0.09475391539153888;496.0
231;236;1500;0.0066;150.0;0.02;CyPen;1125;1.0;1.0;0.0;S;3.0;9.9;12701.249999999998;0.30303030303030304;0.12829545454545455;0.0375;2775.0;236.txt;Cyclopentanone;[0.0, 1.0, 0.5, 1.0, 2.0];0.11531665166516669;474.0
232;237;1500;0.0066;150.0;0.02;CyPen;750;1.0;1.0;0.0;S;3.0;9.9;8467.5;0.30303030303030304;0.08553030303030303;0.025;2400.0;237.txt;Cyclopentanone;[0.0, 1.0, 0.5, 1.0, 2.0];0.10147038703870415;458.00000000000006
233;238;1000;0.0066;100.0;0.02;CyPen;1250;1.0;1.0;0.0;S;2.0;6.6;14112.499999999998;0.30303030303030304;0.21382575757575756;0.0625;2350.0;238.txt;Cyclopentanone;[0.0, 1.0, 0.5, 1.0, 2.0];0.1167632763276325;480.0
234;239;750;0.0066;75.0;0.02;CyPen;2000;1.0;1.0;0.0;S;1.5;4.95;22580.0;0.30303030303030304;0.45616161616161616;0.13333333333333333;2825.0;239.txt;Cyclopentanone;[0.0, 1.0, 0.5, 1.0, 2.0];0.08679747974797491;500.00000000000006
235;240;1000;0.0066;100.0;0.02;CyPen;1000;1.0;1.0;0.0;S;2.0;6.6;11290.0;0.30303030303030304;0.17106060606060605;0.05;2100.0;240.txt;Cyclopentanone;[0.0, 1.0, 0.5, 1.0, 2.0];0.11149342934293394;476.0
236;241;1000;0.0066;100.0;0.02;CyPen;2000;1.0;1.0;0.3196;S;2.0;6.6;22580.0;0.30303030303030304;0.3421212121212121;0.1;3100.0;241.txt;Cyclopentanone;[0.0, 1.0, 0.5, 1.0, 2.0];0.09527056705670578;498.0
237;242;1000;0.01;100.0;0.02;CyPen;1500;1.0;1.0;0.0;S;2.0;10.0;16935.0;0.2;0.16934999999999997;0.075;2600.0;242.txt;Cyclopentanone;[0.0, 1.0, 0.5, 1.0, 2.0];0.12017317731773147;483.0
238;243;1000;0.01;100.0;0.02;CyPen;1225;1.0;1.0;0.0;S;2.0;10.0;13830.249999999998;0.2;0.1383025;0.06125;2325.0;243.txt;Cyclopentanone;[0.0, 1.0, 0.5, 1.0, 2.0];0.1083935193519352;475.00000000000006
239;244;750;0.02;75.0;0.02;CyPen;1840;1.0;1.0;0.0;S;1.5;15.0;20773.6;0.1;0.13849066666666665;0.12266666666666666;2665.0;244.txt;Cyclopentanone;[0.0, 1.0, 0.5, 1.0, 2.0];0.11572997299729959;476.0
240;245;1000;0.01;100.0;0.02;CyPen;1225;1.0;1.0;0.1761;S;2.0;10.0;13830.249999999998;0.2;0.1383025;0.06125;2325.0;245.txt;Cyclopentanone;[0.0, 1.0, 0.5, 1.0, 2.0];0.12172313231323173;471.99999999999994
243;248;3690;0.0018;49.0;0.02;MeOH;752;1.0;1.0;0.5541;S;0.98;6.6419999999999995;18544.32;0.1475459199036435;0.27919783197831977;0.07673469387755102;4491.0;248.txt;Methanol;[1.0, 0.0, 0.1, 0.0, 0.0];0.10291701170116996;491.0
244;249;4935;0.0025;497.0;0.02;n-BuOH;3400;1.0;1.0;0.5796;S;9.94;12.3375;37060.0;0.8056737588652482;0.30038500506585614;0.03420523138832998;8832.0;249.txt;Butanol;[1.0, 0.0, 0.4, 0.0, 0.0];0.11056345634563458;506.0
245;250;3380;0.0031;217.0;0.02;n-BuOH;3490;1.0;1.0;0.1684;S;4.34;10.478;38041.0;0.41420118343195267;0.3630559267035694;0.0804147465437788;7087.0;250.txt;Butanol;[1.0, 0.0, 0.4, 0.0, 0.0];0.15086228622862263;473.0
246;251;4875;0.002;374.0;0.02;n-BuOH;3630;1.0;1.0;0.6075;S;7.48;9.75;39567.0;0.7671794871794873;0.4058153846153847;0.04852941176470588;8879.0;251.txt;Butanol;[1.0, 0.0, 0.4, 0.0, 0.0];0.09568388838883868;507.0
247;252;4390;0.0029;265.0;0.02;n-BuOH;3890;1.0;1.0;0.1546;S;5.3;12.731;42401.0;0.4163066530516063;0.33305317728379547;0.07339622641509434;8545.0;252.txt;Butanol;[1.0, 0.0, 0.4, 0.0, 0.0];0.1449724572457245;473.0
248;253;4955;0.001;204.0;0.02;n-BuOH;3635;1.0;1.0;0.4226;S;4.08;4.955;39621.5;0.8234106962663976;0.7996266397578204;0.08909313725490196;8794.0;253.txt;Butanol;[1.0, 0.0, 0.4, 0.0, 0.0];0.09248064806480683;509.0
249;254;3850;0.0023;190.0;0.02;n-BuOH;4105;1.0;1.0;0.3713;S;3.8000000000000003;8.855;44744.5;0.42913608130999437;0.5053020892151326;0.10802631578947368;8145.0;254.txt;Butanol;[1.0, 0.0, 0.4, 0.0, 0.0];0.13019621962196215;495.0
250;255;4915;0.0013;137.0;0.02;n-BuOH;4945;1.0;1.0;0.5442;S;2.74;6.3895;53900.5;0.42882854683465066;0.8435793098051491;0.1804744525547445;9997.0;255.txt;Butanol;[1.0, 0.0, 0.4, 0.0, 0.0];0.11707326732673273;500.00000000000006
251;256;4400;0.0062;455.0;0.02;n-BuOH;4405;1.0;1.0;0.2795;P;9.1;27.279999999999998;48014.5;0.3335777126099707;0.17600623167155427;0.04840659340659341;9260.0;256.txt;Butanol;[1.0, 0.0, 0.4, 0.0, 0.0];0.08648748874887469;460.0
252;257;4400;0.0062;455.0;0.02;n-BuOH;4405;1.0;1.0;0.1692;S;9.1;27.279999999999998;48014.5;0.3335777126099707;0.17600623167155427;0.04840659340659341;9260.0;257.txt;Butanol;[1.0, 0.0, 0.4, 0.0, 0.0];0.12244644464446441;458.99999999999994
253;258;3850;0.0023;190.0;0.02;n-BuOH;4105;1.0;1.0;0.5699;P;3.8000000000000003;8.855;44744.5;0.42913608130999437;0.5053020892151326;0.10802631578947368;8145.0;258.txt;Butanol;[1.0, 0.0, 0.4, 0.0, 0.0];0.10209036903690372;511.0
254;259;4915;0.0013;137.0;0.02;n-BuOH;4945;1.0;1.0;0.5442;P;2.74;6.3895;53900.5;0.42882854683465066;0.8435793098051491;0.1804744525547445;9997.0;259.txt;Butanol;[1.0, 0.0, 0.4, 0.0, 0.0];0.09175733573357325;510.0
255;260;4955;0.001;204.0;0.02;n-BuOH;3635;1.0;1.0;0.4631;P;4.08;4.955;39621.5;0.8234106962663976;0.7996266397578204;0.08909313725490196;8794.0;260.txt;Butanol;[1.0, 0.0, 0.4, 0.0, 0.0];0.08163096309630946;513.0
257;262;4935;0.0025;497.0;0.02;n-BuOH;3400;1.0;1.0;0.0512;P;9.94;12.3375;37060.0;0.8056737588652482;0.30038500506585614;0.03420523138832998;8832.0;262.txt;Butanol;[1.0, 0.0, 0.4, 0.0, 0.0];0.07553447344734465;513.0
258;263;3380;0.0031;217.0;0.02;n-BuOH;3490;1.0;1.0;0.2924;P;4.34;10.478;38041.0;0.41420118343195267;0.3630559267035694;0.0804147465437788;7087.0;263.txt;Butanol;[1.0, 0.0, 0.4, 0.0, 0.0];0.11593663366336626;511.0
259;264;4875;0.002;374.0;0.02;n-BuOH;3630;1.0;1.0;0.224;P;7.48;9.75;39567.0;0.7671794871794873;0.4058153846153847;0.04852941176470588;8879.0;264.txt;Butanol;[1.0, 0.0, 0.4, 0.0, 0.0];0.07915103510351029;513.0
260;j1;2000;0.01;200.0;0.02;CyPen;2450;1.0;1.0;0.1551;S;4.0;20.0;27660.499999999996;0.2;0.1383025;0.06125;4650.0;j1.txt;Cyclopentanone;[0.0, 1.0, 0.5, 1.0, 2.0];0.11294005400540064;470.00000000000006
261;j2;2000;0.01;200.0;0.02;EtOH;500;1.0;0.0;0.24;-;4.0;20.0;8565.0;0.2;0.042824999999999995;0.0125;2700.0;j2.txt;Ethanol;[1.0, 0.0, 0.2, 0.0, 0.0];0.10436363636363666;456.0
262;j3;2000;0.01;200.0;0.02;EtOH;1000;1.0;1.0;0.105;-;4.0;20.0;17130.0;0.2;0.08564999999999999;0.025;3200.0;j3.txt;Ethanol;[1.0, 0.0, 0.2, 0.0, 0.0];0.08504086408640887;458.00000000000006
263;j4;1000;0.01;100.0;0.02;EtOH;1000;1.0;1.0;0.137;-;2.0;10.0;17130.0;0.2;0.17129999999999998;0.05;2100.0;j4.txt;Ethanol;[1.0, 0.0, 0.2, 0.0, 0.0];0.09599387938793891;460.0
264;j5;1000;0.01;100.0;0.02;EtOH;1500;1.0;1.0;0.186;-;2.0;10.0;25695.0;0.2;0.25694999999999996;0.075;2600.0;j5.txt;Ethanol;[1.0, 0.0, 0.2, 0.0, 0.0];0.1421825382538251;474.0
265;j6;1000;0.01;100.0;0.02;EtOH;2000;1.0;0.0;0.514;-;2.0;10.0;34260.0;0.2;0.34259999999999996;0.1;3100.0;j6.txt;Ethanol;[1.0, 0.0, 0.2, 0.0, 0.0];0.23342322232223234;505.0
266;j7;1000;0.01;100.0;0.02;EtOH;2500;1.0;1.0;0.431;-;2.0;10.0;42825.0;0.2;0.42825;0.125;3600.0;j7.txt;Ethanol;[1.0, 0.0, 0.2, 0.0, 0.0];0.11304338433843375;511.0
267;j8;1000;0.02;100.0;0.02;EtOH;2000;1.0;1.0;0.0798;-;2.0;20.0;34260.0;0.1;0.17129999999999998;0.1;3100.0;j8.txt;Ethanol;[1.0, 0.0, 0.2, 0.0, 0.0];0.1014703870387037;460.0
268;j9;1000;0.02;100.0;0.02;EtOH;4000;1.0;0.0;0.2473;-;2.0;20.0;68520.0;0.1;0.34259999999999996;0.2;5100.0;j9.txt;Ethanol;[1.0, 0.0, 0.2, 0.0, 0.0];0.16388190819081894;487.0
269;j10;1000;0.01;100.0;0.02;EtOH;1750;1.0;1.0;0.2131;-;2.0;10.0;29977.5;0.2;0.299775;0.0875;2850.0;j10.txt;Ethanol;[1.0, 0.0, 0.2, 0.0, 0.0];0.15974869486948684;476.0
270;j11;1000;0.01;50.0;0.02;EtOH;2000;1.0;1.0;0.2072;-;1.0;10.0;34260.0;0.1;0.34259999999999996;0.2;3050.0;j11.txt;Ethanol;[1.0, 0.0, 0.2, 0.0, 0.0];0.13618937893789385;475.00000000000006
271;j14;4691;0.0034;248.58;0.02;EtOH;892;1.0;1.0;0.2732;S;4.9716000000000005;15.949399999999999;15279.96;0.31171078535869695;0.0958027261213588;0.017941910049078764;5831.58;j14.txt;Ethanol;[1.0, 0.0, 0.2, 0.0, 0.0];0.10064374437443746;458.99999999999994
272;j15;3485;0.00606;196.0;0.02;MeOH;962;1.0;0.0;0.1371;-;3.92;21.1191;23722.920000000002;0.18561397029229465;0.11232921857465517;0.02454081632653061;4643.0;j15.txt;Methanol;[1.0, 0.0, 0.1, 0.0, 0.0];0.08545418541854177;458.99999999999994
273;j16;3145;0.00696;174.0;0.02;MeOH;2366;1.0;1.0;0.4685;P;3.48;21.8892;58345.56;0.1589825119236884;0.26654953127569764;0.06798850574712643;5685.0;j16.txt;Methanol;[1.0, 0.0, 0.1, 0.0, 0.0];0.09320396039603951;510.0
274;j17;3035;0.0021;165.0;0.02;n-BuOH;3295;1.0;1.0;0.1338;P;3.3000000000000003;6.3735;35915.5;0.5177688867968935;0.5635129834470856;0.09984848484848485;6495.0;j17.txt;Butanol;[1.0, 0.0, 0.4, 0.0, 0.0];0.09341062106210618;510.0
275;j18;2665;0.00477;356.0;0.02;n-BuOH;3265;1.0;1.0;0.1417;P;7.12;12.71205;35588.5;0.560098489228724;0.27995877926848933;0.04585674157303371;6286.0;j18.txt;Butanol;[1.0, 0.0, 0.4, 0.0, 0.0];0.09630387038703869;511.0
276;j19;2385;0.074;68.0;0.02;n-BuOH;4435;1.0;1.0;0.3161;P;1.36;176.48999999999998;48341.5;0.007705819026573745;0.027390503711258434;0.32610294117647054;6888.0;j19.txt;Butanol;[1.0, 0.0, 0.4, 0.0, 0.0];0.0690246624662465;431.0
277;j20;3331;0.0076;441.0;0.02;n-BuOH;4413;1.0;1.0;0.164;P;8.82;25.3156;48101.700000000004;0.34840177598002814;0.1900081372750399;0.05003401360544218;8185.0;j20.txt;Butanol;[1.0, 0.0, 0.4, 0.0, 0.0];0.08369756975697529;458.00000000000006
278;j21;637;0.01;165.0;0.02;n-BuOH;3295;1.0;1.0;0.1673;P;3.3000000000000003;6.37;35915.5;0.5180533751962324;0.5638226059654632;0.09984848484848485;4097.0;j21.txt;Butanol;[1.0, 0.0, 0.4, 0.0, 0.0];0.09837047704770452;511.0
279;j22;675;0.047;169.0;0.02;EtOH;4435;1.0;1.0;0.7726;P;3.38;31.725;75971.54999999999;0.1065405831363278;0.23946903073286052;0.13121301775147928;5279.0;j22.txt;Ethanol;[1.0, 0.0, 0.2, 0.0, 0.0];0.13267614761476132;487.0
282;j25;2895;0.0031;242.0;0.02;n-BuOH;2215;1.0;0.0;0.2074;P;4.84;8.974499999999999;24143.5;0.5393058109086858;0.26902334391888133;0.045764462809917354;5352.0;j25.txt;Butanol;[1.0, 0.0, 0.4, 0.0, 0.0];0.1685317731773175;489.0
283;j26;150;0.1;100.0;0.02;n-BuOH;3300;1.0;1.0;0.7;P;2.0;15.0;35970.0;0.13333333333333333;0.23979999999999999;0.165;3550.0;j26.txt;Butanol;[1.0, 0.0, 0.4, 0.0, 0.0];0.10508694869486979;461.0
288;j32;740;0.032432432;270.0;0.02;n-BuOH;4800;1.0;1.0;0.4254;S;5.4;23.99999968;52320.0;0.22500000300000006;0.21800000290666674;0.08888888888888889;5810.0;j32.txt;Butanol;[1.0, 0.0, 0.4, 0.0, 0.0];0.10942682268226811;470.00000000000006
289;j33;666;0.032432432;243.0;0.02;n-BuOH;4968;1.0;0.0;0.2473;P;4.86;21.599999712;54151.200000000004;0.22500000300000006;0.25070000334266673;0.10222222222222223;5877.0;j33.txt;Butanol;[1.0, 0.0, 0.4, 0.0, 0.0];0.1367060306030603;474.0
290;j34;592;0.032432432;216.0;0.02;n-BuOH;4800;1.0;1.0;0.1953;S;4.32;19.199999744;52320.0;0.22500000300000006;0.2725000036333334;0.1111111111111111;5608.0;j34.txt;Butanol;[1.0, 0.0, 0.4, 0.0, 0.0];0.11221674167416751;468.99999999999994
291;j35;150;0.1;100.0;0.02;n-BuOH;3300;1.0;1.0;0.2107;P;2.0;15.0;35970.0;0.13333333333333333;0.23979999999999999;0.165;3550.0;j35.txt;Butanol;[1.0, 0.0, 0.4, 0.0, 0.0];0.11407668766876666;460.0
292;j36;675;0.047407407;169.0;0.02;EtOH;4435;1.0;1.0;0.569;P;3.38;31.999999725;75971.54999999999;0.10562500090771486;0.2374110957902516;0.13121301775147928;5279.0;j36.txt;Ethanol;[1.0, 0.0, 0.2, 0.0, 0.0];0.1529288928892889;484.99999999999994
296;j40;150;0.1;100.0;0.02;n-BuOH;3300;1.0;0.0;0.27;P;2.0;15.0;35970.0;0.13333333333333333;0.23979999999999999;0.165;3550.0;j40.txt;Butanol;[1.0, 0.0, 0.4, 0.0, 0.0];0.13091953195319483;461.0
300;j44;4606;0.001;538.0;0.02;EtOH;620;1.0;0.0;0.5848;-;10.76;4.606;10620.599999999999;2.33608336951802;0.23058184976118104;0.005762081784386617;5764.0;j44.txt;Ethanol;[1.0, 0.0, 0.2, 0.0, 0.0];0.11128676867686771;512.0
301;j45;3646;0.0059;20.0;0.02;EtOH;3935;1.0;0.0;0.9162;S;0.4;21.5114;67406.55;0.01859479159887316;0.31335268741225586;0.98375;7601.0;j45.txt;Ethanol;[1.0, 0.0, 0.2, 0.0, 0.0];0.14011593159315883;476.0
312;275;1000;0.01;100.0;0.04;i-PrOH;2000;1.0;1.0;0.4129;P;4.0;10.0;26160.0;0.4;0.2616;0.05;3100.0;275.txt;Isopropanol;[1.0, 0.0, 0.30000000000000004, 0.0, 1.0];0.15044896489648973;471.0
313;276;1000;0.01;100.0;0.04;i-PrOH;2500;1.0;1.0;0.3904;P;4.0;10.0;32700.0;0.4;0.327;0.0625;3600.0;276.txt;Isopropanol;[1.0, 0.0, 0.30000000000000004, 0.0, 1.0];0.16274527452745247;475.00000000000006
314;277;1000;0.01;100.0;0.04;i-PrOH;3000;1.0;0.0;0.5176;P;4.0;10.0;39240.0;0.4;0.39239999999999997;0.075;4100.0;277.txt;Isopropanol;[1.0, 0.0, 0.30000000000000004, 0.0, 1.0];0.18103474347434734;489.0
315;278;1000;0.01;100.0;0.04;i-PrOH;3500;1.0;0.0;0.6097;P;4.0;10.0;45780.0;0.4;0.45780000000000004;0.0875;4600.0;278.txt;Isopropanol;[1.0, 0.0, 0.30000000000000004, 0.0, 1.0];0.1770048604860488;496.0
316;279;1000;0.01;100.0;0.04;i-PrOH;4000;1.0;1.0;0.6475;P;4.0;10.0;52320.0;0.4;0.5232;0.1;5100.0;279.txt;Isopropanol;[1.0, 0.0, 0.30000000000000004, 0.0, 1.0];0.14579909990999118;505.0
318;281;1000;0.01;100.0;0.04;i-PrOH;1700;1.0;1.0;0.1554;S;4.0;10.0;22236.0;0.4;0.22236000000000003;0.0425;2800.0;281.txt;Isopropanol;[1.0, 0.0, 0.30000000000000004, 0.0, 1.0];0.1231697569756971;467.0
319;282;1000;0.01;100.0;0.04;i-PrOH;1700;1.0;1.0;0.3082;P;4.0;10.0;22236.0;0.4;0.22236000000000003;0.0425;2800.0;282.txt;Isopropanol;[1.0, 0.0, 0.30000000000000004, 0.0, 1.0];0.11820990099009876;470.00000000000006
320;283;1000;0.01;100.0;0.04;i-PrOH;2750;1.0;0.0;0.4178;P;4.0;10.0;35970.0;0.4;0.3597;0.06875;3850.0;283.txt;Isopropanol;[1.0, 0.0, 0.30000000000000004, 0.0, 1.0];0.17111503150315022;484.99999999999994
321;284;1000;0.01;100.0;0.04;i-PrOH;4500;1.0;1.0;0.5968;P;4.0;10.0;58860.0;0.4;0.5886;0.1125;5600.0;284.txt;Isopropanol;[1.0, 0.0, 0.30000000000000004, 0.0, 1.0];0.14714239423942388;505.0
322;285;1000;0.01;100.0;0.02;i-PrOH;1750;1.0;1.0;0.1211;P;2.0;10.0;22890.0;0.2;0.22890000000000002;0.0875;2850.0;285.txt;Isopropanol;[1.0, 0.0, 0.30000000000000004, 0.0, 1.0];0.08824410441044117;458.99999999999994
323;286;1000;0.01;100.0;0.02;i-PrOH;2000;1.0;0.0;0.154;P;2.0;10.0;26160.0;0.2;0.2616;0.1;3100.0;286.txt;Isopropanol;[1.0, 0.0, 0.30000000000000004, 0.0, 1.0];0.08969072907290698;460.0
324;287;1000;0.01;100.0;0.02;i-PrOH;2500;1.0;0.0;0.1601;P;2.0;10.0;32700.0;0.2;0.327;0.125;3600.0;287.txt;Isopropanol;[1.0, 0.0, 0.30000000000000004, 0.0, 1.0];0.1468324032403241;468.0
325;288;1000;0.01;100.0;0.02;i-PrOH;1750;1.0;1.0;0.0;S;2.0;10.0;22890.0;0.2;0.22890000000000002;0.0875;2850.0;288.txt;Isopropanol;[1.0, 0.0, 0.30000000000000004, 0.0, 1.0];0.11748658865886563;464.0
326;289;1000;0.01;100.0;0.02;i-PrOH;2000;1.0;1.0;0.0;S;2.0;10.0;26160.0;0.2;0.2616;0.1;3100.0;289.txt;Isopropanol;[1.0, 0.0, 0.30000000000000004, 0.0, 1.0];0.11872655265526566;465.00000000000006
327;290;1000;0.01;100.0;0.02;i-PrOH;2500;1.0;1.0;0.0;S;2.0;10.0;32700.0;0.2;0.327;0.125;3600.0;290.txt;Isopropanol;[1.0, 0.0, 0.30000000000000004, 0.0, 1.0];0.1297828982898288;465.00000000000006
328;291;1000;0.01;100.0;0.02;i-PrOH;3000;1.0;1.0;0.1661;P;2.0;10.0;39240.0;0.2;0.39239999999999997;0.15;4100.0;291.txt;Isopropanol;[1.0, 0.0, 0.30000000000000004, 0.0, 1.0];0.12926624662466235;466.0
329;292;1000;0.01;100.0;0.02;i-PrOH;3500;1.0;1.0;0.1832;P;2.0;10.0;45780.0;0.2;0.45780000000000004;0.175;4600.0;292.txt;Isopropanol;[1.0, 0.0, 0.30000000000000004, 0.0, 1.0];0.12988622862286237;468.0
330;293;1000;0.01;100.0;0.02;i-PrOH;4000;1.0;1.0;0.1918;P;2.0;10.0;52320.0;0.2;0.5232;0.2;5100.0;293.txt;Isopropanol;[1.0, 0.0, 0.30000000000000004, 0.0, 1.0];0.12482304230423047;468.99999999999994
331;294;1000;0.01;100.0;0.02;i-PrOH;4500;1.0;1.0;0.2541;P;2.0;10.0;58860.0;0.2;0.5886;0.225;5600.0;294.txt;Isopropanol;[1.0, 0.0, 0.30000000000000004, 0.0, 1.0];0.13908262826282636;471.0
332;295;1000;0.01;100.0;0.02;i-PrOH;5000;1.0;1.0;0.2703;P;2.0;10.0;65400.0;0.2;0.654;0.25;6100.0;295.txt;Isopropanol;[1.0, 0.0, 0.30000000000000004, 0.0, 1.0];0.14807236723672323;471.99999999999994
333;296;1000;0.01;50.0;0.02;i-PrOH;250;1.0;1.0;0.1177;P;1.0;10.0;3270.0;0.1;0.0327;0.025;1300.0;296.txt;Isopropanol;[1.0, 0.0, 0.30000000000000004, 0.0, 1.0];0.07284788478847881;434.0
334;297;1000;0.01;50.0;0.02;i-PrOH;500;1.0;1.0;0.127;P;1.0;10.0;6540.0;0.1;0.0654;0.05;1550.0;297.txt;Isopropanol;[1.0, 0.0, 0.30000000000000004, 0.0, 1.0];0.07450117011701174;433.0
335;298;1000;0.01;50.0;0.02;i-PrOH;750;1.0;1.0;0.1301;P;1.0;10.0;9810.0;0.1;0.09809999999999999;0.075;1800.0;298.txt;Isopropanol;[1.0, 0.0, 0.30000000000000004, 0.0, 1.0];0.07419117911791151;431.0
336;299;1000;0.01;75.0;0.02;i-PrOH;1000;1.0;1.0;0.1445;P;1.5;10.0;13080.0;0.15;0.1308;0.06666666666666667;2075.0;299.txt;Isopropanol;[1.0, 0.0, 0.30000000000000004, 0.0, 1.0];0.08318091809180883;458.99999999999994
337;300;1500;0.01;150.0;0.02;i-PrOH;250;1.0;1.0;0.1349;P;3.0;15.0;3270.0;0.2;0.0218;0.008333333333333333;1900.0;300.txt;Isopropanol;[1.0, 0.0, 0.30000000000000004, 0.0, 1.0];0.07481116111611108;432.0
338;301;1500;0.01;150.0;0.02;i-PrOH;500;1.0;1.0;0.1455;P;3.0;15.0;6540.0;0.2;0.0436;0.016666666666666666;2150.0;301.txt;Isopropanol;[1.0, 0.0, 0.30000000000000004, 0.0, 1.0];0.07429450945094507;432.0
339;302;1500;0.01;75.0;0.02;Tol;0;1.0;1.0;0.1377;P;1.5;15.0;0.0;0.1;0.0;0.0;1575.0;302.txt;Toluene;[1.0, 0.0, 0.0, 0.0, 0.0];0.07357119711971194;436.0
340;303;1500;0.01;75.0;0.04;Tol;0;1.0;1.0;0.1551;P;3.0;15.0;0.0;0.2;0.0;0.0;1575.0;303.txt;Toluene;[1.0, 0.0, 0.0, 0.0, 0.0];0.07481116111611197;436.0
341;304;1500;0.01;150.0;0.03;Tol;0;1.0;1.0;0.3074;P;4.5;15.0;0.0;0.3;0.0;0.0;1650.0;304.txt;Toluene;[1.0, 0.0, 0.0, 0.0, 0.0];0.08173429342934302;461.0
342;305;1000;0.01;100.0;0.04;Tol;0;1.0;1.0;0.3154;P;4.0;10.0;0.0;0.4;0.0;0.0;1100.0;305.txt;Toluene;[1.0, 0.0, 0.0, 0.0, 0.0];0.07340617861455456;462.7827454
343;306;1000;0.01;100.0;0.05;Tol;0;1.0;1.0;0.4748;S;5.0;10.0;0.0;0.5;0.0;0.0;1100.0;306.txt;Toluene;[1.0, 0.0, 0.0, 0.0, 0.0];0.1217241696013498;477.1680908000001
344;307;1000;0.01;100.0;0.06;Tol;0;1.0;1.0;0.6356;S;6.0;10.0;0.0;0.6;0.0;0.0;1100.0;307.txt;Toluene;[1.0, 0.0, 0.0, 0.0, 0.0];0.1268944974902273;485.3885803
345;308;1000;0.01;100.0;0.07;Tol;0;1.0;1.0;0.7926;S;7.000000000000001;10.0;0.0;0.7000000000000001;0.0;0.0;1100.0;308.txt;Toluene;[1.0, 0.0, 0.0, 0.0, 0.0];0.10539693638328451;494.7474365
346;309;1000;0.01;100.0;0.08;Tol;0;1.0;1.0;0.8475;S;8.0;10.0;0.0;0.8;0.0;0.0;1100.0;309.txt;Toluene;[1.0, 0.0, 0.0, 0.0, 0.0];0.08163616609032731;505.25439449999993
347;310;1000;0.01;100.0;0.09;Tol;0;1.0;1.0;0.8484;P;9.0;10.0;0.0;0.9;0.0;0.0;1100.0;310.txt;Toluene;[1.0, 0.0, 0.0, 0.0, 0.0];0.0846892259603722;511.9793700999999
348;311;1000;0.01;100.0;0.1;Tol;0;1.0;1.0;0.5293;P;10.0;10.0;0.0;1.0;0.0;0.0;1100.0;311.txt;Toluene;[1.0, 0.0, 0.0, 0.0, 0.0];0.07460085421587648;517.8190918
349;312;4215;0.003;159.0;0.02;i-PrOH;4500;1.0;0.0;0.2543;P;3.18;12.645;58860.0;0.2514827995255042;0.4654804270462634;0.14150943396226415;8874.0;312.txt;Isopropanol;[1.0, 0.0, 0.30000000000000004, 0.0, 1.0];0.10457029702970289;461.0
350;313;4215;0.003;159.0;0.02;i-PrOH;4500;1.0;1.0;0.2389;S;3.18;12.645;58860.0;0.2514827995255042;0.4654804270462634;0.14150943396226415;8874.0;313.txt;Isopropanol;[1.0, 0.0, 0.30000000000000004, 0.0, 1.0];0.10198703870387016;471.99999999999994
351;314;1000;0.01;100.0;0.02;CyPen;1335;1.0;1.0;0.0;P;2.0;10.0;15072.15;0.2;0.1507215;0.06675;2435.0;314.txt;Cyclopentanone;[0.0, 1.0, 0.5, 1.0, 2.0];0.14197587758775887;461.0
352;315;1000;0.005;100.0;0.02;CyPen;1335;1.0;1.0;0.0;P;2.0;5.0;15072.15;0.4;0.301443;0.06675;2435.0;315.txt;Cyclopentanone;[0.0, 1.0, 0.5, 1.0, 2.0];0.12544302430243004;490.0
353;316;1000;0.0033;100.0;0.02;CyPen;1335;1.0;1.0;0.0;P;2.0;3.3;15072.15;0.6060606060606061;0.4567318181818181;0.06675;2435.0;316.txt;Cyclopentanone;[0.0, 1.0, 0.5, 1.0, 2.0];0.1051902790279029;500.00000000000006
356;319;1000;0.0066;100.0;0.02;CyPen;1335;1.0;1.0;0.0;P;2.0;6.6;15072.15;0.30303030303030304;0.22836590909090906;0.06675;2435.0;319.txt;Cyclopentanone;[0.0, 1.0, 0.5, 1.0, 2.0];0.13970261026102593;487.0
357;320;1000;0.004;100.0;0.02;CyPen;1335;1.0;1.0;0.0;P;2.0;4.0;15072.15;0.5;0.37680375;0.06675;2435.0;320.txt;Cyclopentanone;[0.0, 1.0, 0.5, 1.0, 2.0];0.10157371737173726;503.0
358;321;1000;0.0029;100.0;0.02;CyPen;1335;1.0;1.0;0.0;P;2.0;2.9;15072.15;0.6896551724137931;0.5197293103448275;0.06675;2435.0;321.txt;Cyclopentanone;[0.0, 1.0, 0.5, 1.0, 2.0];0.11149342934293438;504.0
359;322;1000;0.02;100.0;0.02;CyPen;1335;1.0;1.0;0.0;P;2.0;20.0;15072.15;0.1;0.07536075;0.06675;2435.0;322.txt;Cyclopentanone;[0.0, 1.0, 0.5, 1.0, 2.0];0.0916540054005397;458.00000000000006
360;323;1000;0.0066;100.0;0.02;CyPen;1500;1.0;1.0;0.0;P;2.0;6.6;16935.0;0.30303030303030304;0.2565909090909091;0.075;2600.0;323.txt;Cyclopentanone;[0.0, 1.0, 0.5, 1.0, 2.0];0.13339945994599445;485.99999999999994
361;324;1000;0.0066;100.0;0.02;CyPen;1750;1.0;1.0;0.0;P;2.0;6.6;19757.5;0.30303030303030304;0.29935606060606057;0.0875;2850.0;324.txt;Cyclopentanone;[0.0, 1.0, 0.5, 1.0, 2.0];0.11521332133213358;495.0
362;325;1000;0.0066;100.0;0.02;CyPen;2000;1.0;1.0;0.0;P;2.0;6.6;22580.0;0.30303030303030304;0.3421212121212121;0.1;3100.0;325.txt;Cyclopentanone;[0.0, 1.0, 0.5, 1.0, 2.0];0.1056036003600358;496.0
363;326;1500;0.0066;150.0;0.02;CyPen;1125;1.0;1.0;0.0;P;3.0;9.9;12701.249999999998;0.30303030303030304;0.12829545454545455;0.0375;2775.0;326.txt;Cyclopentanone;[0.0, 1.0, 0.5, 1.0, 2.0];0.12823294329432944;470.00000000000006
365;328;1000;0.0066;100.0;0.02;CyPen;1250;1.0;1.0;0.0;P;2.0;6.6;14112.499999999998;0.30303030303030304;0.21382575757575756;0.0625;2350.0;328.txt;Cyclopentanone;[0.0, 1.0, 0.5, 1.0, 2.0];0.10591359135913603;474.0
366;329;750;0.0066;75.0;0.02;CyPen;2000;1.0;1.0;0.0;P;1.5;4.95;22580.0;0.30303030303030304;0.45616161616161616;0.13333333333333333;2825.0;329.txt;Cyclopentanone;[0.0, 1.0, 0.5, 1.0, 2.0];0.09671719171917204;498.0
367;330;1000;0.0066;100.0;0.02;CyPen;1000;1.0;1.0;0.0;P;2.0;6.6;11290.0;0.30303030303030304;0.17106060606060605;0.05;2100.0;330.txt;Cyclopentanone;[0.0, 1.0, 0.5, 1.0, 2.0];0.11552331233123292;473.0
368;331;1000;0.0066;100.0;0.02;CyPen;2000;1.0;1.0;0.0;P;2.0;6.6;22580.0;0.30303030303030304;0.3421212121212121;0.1;3100.0;331.txt;Cyclopentanone;[0.0, 1.0, 0.5, 1.0, 2.0];0.09702718271827182;498.0
369;332;1000;0.01;100.0;0.02;CyPen;1500;1.0;1.0;0.0;P;2.0;10.0;16935.0;0.2;0.16934999999999997;0.075;2600.0;332.txt;Cyclopentanone;[0.0, 1.0, 0.5, 1.0, 2.0];0.12637299729972984;482.0
370;333;1000;0.01;100.0;0.02;CyPen;1225;1.0;1.0;0.0;P;2.0;10.0;13830.249999999998;0.2;0.1383025;0.06125;2325.0;333.txt;Cyclopentanone;[0.0, 1.0, 0.5, 1.0, 2.0];0.17638487848784878;473.0
371;334;750;0.02;75.0;0.02;CyPen;1840;1.0;1.0;0.0;P;1.5;15.0;20773.6;0.1;0.13849066666666665;0.12266666666666666;2665.0;334.txt;Cyclopentanone;[0.0, 1.0, 0.5, 1.0, 2.0];0.12595967596759694;474.0
372;335;1000;0.01;100.0;0.02;CyPen;1225;1.0;1.0;0.1518;P;2.0;10.0;13830.249999999998;0.2;0.1383025;0.06125;2325.0;335.txt;Cyclopentanone;[0.0, 1.0, 0.5, 1.0, 2.0];0.09475391539153932;458.99999999999994
373;336;4705;0.0063;68.0;0.02;MeOH;1390;1.0;1.0;0.2341;S;1.36;29.6415;34277.4;0.04588161867651772;0.11563989676635797;0.10220588235294116;6163.0;336.txt;Methanol;[1.0, 0.0, 0.1, 0.0, 0.0];0.11273339333933396;471.0
374;337;4705;0.0063;68.0;0.02;MeOH;1390;1.0;1.0;0.1457;P;1.36;29.6415;34277.4;0.04588161867651772;0.11563989676635797;0.10220588235294116;6163.0;337.txt;Methanol;[1.0, 0.0, 0.1, 0.0, 0.0];0.07718775877587758;458.99999999999994
375;338;2250;0.0072;68.0;0.02;CyPen;2520;1.0;1.0;0.3024;S;1.36;16.2;28450.8;0.08395061728395063;0.1756222222222222;0.1852941176470588;4838.0;338.txt;Cyclopentanone;[0.0, 1.0, 0.5, 1.0, 2.0];0.10488028802880267;482.0
376;339;2250;0.0072;68.0;0.02;CyPen;2520;1.0;1.0;0.2571;P;1.36;16.2;28450.8;0.08395061728395063;0.1756222222222222;0.1852941176470588;4838.0;339.txt;Cyclopentanone;[0.0, 1.0, 0.5, 1.0, 2.0];0.08741746174617449;476.0
377;340;2615;0.01;125.0;0.02;EtOH;3610;1.0;1.0;0.2503;P;2.5;26.150000000000002;61839.299999999996;0.09560229445506692;0.23647915869980873;0.1444;6350.0;340.txt;Ethanol;[1.0, 0.0, 0.2, 0.0, 0.0];0.13391611161116135;471.0
380;343;4645;0.01;68.0;0.02;MeOH;2660;1.0;0.0;0.2683;P;1.36;46.45;65595.6;0.029278794402583422;0.14121765339074271;0.19558823529411762;7373.0;343.txt;Methanol;[1.0, 0.0, 0.1, 0.0, 0.0];0.1713216921692169;476.0
381;j46;750;0.01;25.0;0.02;n-BuOH;1650;;1.0;0.368;P;0.5;7.5;17985.0;0.06666666666666667;0.23979999999999999;0.33;2425.0;j46.txt;Butanol;[1.0, 0.0, 0.4, 0.0, 0.0];0.08183762376237613;458.99999999999994
382;j47;750;0.01;25.0;0.02;n-BuOH;1650;;1.0;0.4088;P;0.5;7.5;17985.0;0.06666666666666667;0.23979999999999999;0.33;2425.0;j47.txt;Butanol;[1.0, 0.0, 0.4, 0.0, 0.0];0.08276759675967593;458.99999999999994
383;j49;2916;0.003998628;364.0;0.02;n-BuOH;3310;;1.0;0.207;P;7.28;11.659999248;36079.0;0.6243568155674378;0.309425405890901;0.045467032967032965;6590.0;j49.txt;Butanol;[1.0, 0.0, 0.4, 0.0, 0.0];0.08679747974797491;511.0
384;j50;1500;0.01;100.0;0.02;n-BuOH;3300;;1.0;0.0967;P;2.0;15.0;35970.0;0.13333333333333333;0.23979999999999999;0.165;4900.0;j50.txt;Butanol;[1.0, 0.0, 0.4, 0.0, 0.0];0.0880374437443745;456.99999999999994
385;j51;2150;0.01;40.0;0.02;EtOH;3940;;1.0;0.356;P;0.8;21.5;67492.2;0.037209302325581395;0.3139172093023256;0.4925;6130.0;j51.txt;Ethanol;[1.0, 0.0, 0.2, 0.0, 0.0];0.14641908190819075;480.0
386;j52;2387;0.037012987;68.0;0.02;n-BuOH;4435;;0.0;0.2;P;1.36;88.349999969;48341.5;0.015393322020115372;0.054715902679074065;0.32610294117647054;6890.0;j52.txt;Butanol;[1.0, 0.0, 0.4, 0.0, 0.0];0.07677443744374424;432.0
387;j53;150;0.05;100.0;0.02;n-BuOH;3300;;1.0;0.257;P;2.0;7.5;35970.0;0.26666666666666666;0.47959999999999997;0.165;3550.0;j53.txt;Butanol;[1.0, 0.0, 0.4, 0.0, 0.0];0.12430639063906401;509.0
388;j54;675;0.023703704;169.0;0.02;EtOH;4435;;1.0;0.3437;P;3.38;16.0000002;75971.54999999999;0.21124999735937505;0.4748221815647227;0.13121301775147928;5279.0;j54.txt;Ethanol;[1.0, 0.0, 0.2, 0.0, 0.0];0.13453609360936092;510.0
389;j55;150;0.025;25.0;0.02;n-BuOH;1650;;0.0;0.2547;P;0.5;3.75;17985.0;0.13333333333333333;0.47959999999999997;0.33;1825.0;j55.txt;Butanol;[1.0, 0.0, 0.4, 0.0, 0.0];0.1746282628262823;479.0
390;j56;300;0.05;50.0;0.02;n-BuOH;3300;;1.0;0.1423;P;1.0;15.0;35970.0;0.06666666666666667;0.23979999999999999;0.33;3650.0;j56.txt;Butanol;[1.0, 0.0, 0.4, 0.0, 0.0];0.11263006300630085;458.99999999999994
391;344;1500;0.01;150.0;0.025;Tol;0;1.0;1.0;0.3272;S;3.75;15.0;0.0;0.25;0.0;0.0;1650.0;344.txt;Toluene;[1.0, 0.0, 0.0, 0.0, 0.0];0.1172799279927994;453.0
392;345;1500;0.01;150.0;0.025;Tol;0;1.0;1.0;0.3272;P;3.75;15.0;0.0;0.25;0.0;0.0;1650.0;345.txt;Toluene;[1.0, 0.0, 0.0, 0.0, 0.0];0.10570693069306936;456.0
393;346;1500;0.01;150.0;0.045;Tol;0;1.0;1.0;0.4061;S;6.75;15.0;0.0;0.45;0.0;0.0;1650.0;346.txt;Toluene;[1.0, 0.0, 0.0, 0.0, 0.0];0.1250297029702967;462.0
394;347;1500;0.01;150.0;0.045;Tol;0;1.0;1.0;0.3744;P;6.75;15.0;0.0;0.45;0.0;0.0;1650.0;347.txt;Toluene;[1.0, 0.0, 0.0, 0.0, 0.0];0.07274455445544525;462.0
395;348;2590;0.01;403.0;0.02;CyPen;5000;1.0;1.0;0.2984;S;8.06;25.900000000000002;56449.99999999999;0.3111969111969112;0.21795366795366788;0.062034739454094295;7993.0;348.txt;Cyclopentanone;[0.0, 1.0, 0.5, 1.0, 2.0];0.09630387038703869;493.0
396;349;2590;0.01;403.0;0.02;CyPen;5000;1.0;1.0;0.263;P;8.06;25.900000000000002;56449.99999999999;0.3111969111969112;0.21795366795366788;0.062034739454094295;7993.0;349.txt;Cyclopentanone;[0.0, 1.0, 0.5, 1.0, 2.0];0.11211341134113395;491.0
398;351;2415;0.01;100.0;0.02;CyPen;4710;1.0;1.0;0.4292;S;2.0;24.150000000000002;53175.899999999994;0.08281573498964803;0.2201900621118012;0.2355;7225.0;351.txt;Cyclopentanone;[0.0, 1.0, 0.5, 1.0, 2.0];0.11686660666066606;491.99999999999994
399;352;2415;0.01;100.0;0.02;CyPen;4710;1.0;1.0;0.4292;P;2.0;24.150000000000002;53175.899999999994;0.08281573498964803;0.2201900621118012;0.2355;7225.0;352.txt;Cyclopentanone;[0.0, 1.0, 0.5, 1.0, 2.0];0.11686660666066606;491.99999999999994
400;353;678;0.01;152.5;0.02;CyPen;1975;1.0;1.0;0.4099;S;3.0500000000000003;6.78;22297.75;0.4498525073746313;0.3288753687315634;0.06475409836065572;2805.5;353.txt;Cyclopentanone;[0.0, 1.0, 0.5, 1.0, 2.0];0.09434059405940598;501.0
401;354;678;0.01;152.5;0.02;CyPen;1975;1.0;1.0;0.2626;P;3.0500000000000003;6.78;22297.75;0.4498525073746313;0.3288753687315634;0.06475409836065572;2805.5;354.txt;Cyclopentanone;[0.0, 1.0, 0.5, 1.0, 2.0];0.09361728172817285;501.0
403;356;1475;0.01;100.0;0.02;CyPen;4320;1.0;1.0;0.4701;S;2.0;14.75;48772.799999999996;0.13559322033898305;0.33066305084745756;0.216;5895.0;356.txt;Cyclopentanone;[0.0, 1.0, 0.5, 1.0, 2.0];0.11531665166516669;496.99999999999994
404;357;1475;0.01;100.0;0.02;CyPen;4320;1.0;1.0;0.3623;P;2.0;14.75;48772.799999999996;0.13559322033898305;0.33066305084745756;0.216;5895.0;357.txt;Cyclopentanone;[0.0, 1.0, 0.5, 1.0, 2.0];0.11707326732673273;491.99999999999994
407;360;1500;0.01;75.0;0.04;Tol;0;;1.0;;P;3.0;15.0;0.0;0.2;0.0;0.0;1575.0;360.txt;Toluene;[1.0, 0.0, 0.0, 0.0, 0.0];0.07739441944194425;435.0
408;414;3000;0.01;150.0;0.02;EtOH;500;;1.0;;P;3.0;30.0;8565.0;0.1;0.02855;0.016666666666666666;3650.0;414.txt;Ethanol;[1.0, 0.0, 0.2, 0.0, 0.0];0.07377785778577861;434.0
409;415;3000;0.01;150.0;0.02;EtOH;1000;;1.0;;P;3.0;30.0;17130.0;0.1;0.0571;0.03333333333333333;4150.0;415.txt;Ethanol;[1.0, 0.0, 0.2, 0.0, 0.0];0.07202124212421257;433.0
410;j168;2466;0.01;200.0;0.02;MeOH;500;;1.0;0.0;P;4.0;24.66;12330.0;0.16220600162206;0.049999999999999996;0.0125;3166.0;j168.txt;Methanol;[1.0, 0.0, 0.1, 0.0, 0.0];0.11500666066606646;456.0
411;j169;2466;0.01;20.0;0.2;MeOH;500;;1.0;0.0;P;4.0;24.66;12330.0;0.16220600162206;0.049999999999999996;0.0125;2986.0;j169.txt;Methanol;[1.0, 0.0, 0.1, 0.0, 0.0];0.07894437443744406;458.99999999999994
412;j170;2466;0.01;200.0;0.04;MeOH;500;;1.0;0.0;P;8.0;24.66;12330.0;0.32441200324412;0.049999999999999996;0.00625;3166.0;j170.txt;Methanol;[1.0, 0.0, 0.1, 0.0, 0.0];0.0991971197119712;458.00000000000006
413;j171;2466;0.01;200.0;0.065;MeOH;500;;1.0;0.0;P;13.0;24.66;12330.0;0.527169505271695;0.049999999999999996;0.0038461538461538464;3166.0;j171.txt;Methanol;[1.0, 0.0, 0.1, 0.0, 0.0];0.07997767776777653;458.99999999999994
414;j176;1262;0.0093;100.0;0.02;MeOH;500;;1.0;0.0;P;2.0;11.7366;12330.0;0.17040710256803504;0.10505597873319361;0.025;1862.0;j176.txt;Methanol;[1.0, 0.0, 0.1, 0.0, 0.0];0.09847380738073808;458.00000000000006
415;j177;1262;0.0093;15.0;0.2;MeOH;500;;1.0;0.0;P;3.0;11.7366;12330.0;0.25561065385205256;0.10505597873319361;0.016666666666666666;1777.0;j177.txt;Methanol;[1.0, 0.0, 0.1, 0.0, 0.0];0.14796903690369012;476.0
416;421;1270;0.01;100.0;0.02;CyPen;2470;1.0;1.0;0.4108;P;2.0;12.700000000000001;27886.3;0.15748031496062992;0.21957716535433067;0.1235;3840.0;421.txt;Cyclopentanone;[0.0, 1.0, 0.5, 1.0, 2.0];0.11583330333033315;494.00000000000006
417;422;1270;0.01;100.0;0.02;CyPen;2470;1.0;1.0;0.5046;S;2.0;12.700000000000001;27886.3;0.15748031496062992;0.21957716535433067;0.1235;3840.0;422.txt;Cyclopentanone;[0.0, 1.0, 0.5, 1.0, 2.0];0.1038469846984702;493.0
418;423;1270;0.01;100.0;0.02;CyPen;2470;1.0;1.0;0.3745;P;2.0;12.700000000000001;27886.3;0.15748031496062992;0.21957716535433067;0.1235;3840.0;423.txt;Cyclopentanone;[0.0, 1.0, 0.5, 1.0, 2.0];0.11758991899189919;491.0
419;424;1270;0.01;100.0;0.02;CyPen;2470;1.0;1.0;0.4258;S;2.0;12.700000000000001;27886.3;0.15748031496062992;0.21957716535433067;0.1235;3840.0;424.txt;Cyclopentanone;[0.0, 1.0, 0.5, 1.0, 2.0];0.10818685868586853;490.0
420;425;1130;0.01;100.0;0.02;CyPen;2325;1.0;1.0;0.4783;P;2.0;11.3;26249.249999999996;0.17699115044247787;0.23229424778761062;0.11625;3555.0;425.txt;Cyclopentanone;[0.0, 1.0, 0.5, 1.0, 2.0];0.1135600360036002;496.0
421;426;1130;0.01;100.0;0.02;CyPen;2325;1.0;1.0;0.7443;S;2.0;11.3;26249.249999999996;0.17699115044247787;0.23229424778761062;0.11625;3555.0;426.txt;Cyclopentanone;[0.0, 1.0, 0.5, 1.0, 2.0];0.10043708370837079;494.00000000000006
422;430;1000;0.01;110.0;0.02;MeOH;425;1.0;0.0;;P;2.2;10.0;10480.5;0.22000000000000003;0.10480500000000001;0.019318181818181818;1535.0;430.txt;Methanol;[1.0, 0.0, 0.1, 0.0, 0.0];0.14444703172402606;462.7827454
423;431;1000;0.01;110.0;0.02;MeOH;425;1.0;1.0;;S;2.2;10.0;10480.5;0.22000000000000003;0.10480500000000001;0.019318181818181818;1535.0;431.txt;Methanol;[1.0, 0.0, 0.1, 0.0, 0.0];0.10479895439591624;475.3937073
424;432;1000;0.01;150.0;0.02;MeOH;425;1.0;1.0;;P;3.0;10.0;10480.5;0.3;0.10480500000000001;0.014166666666666666;1575.0;432.txt;Methanol;[1.0, 0.0, 0.1, 0.0, 0.0];0.1058314564096694;488.5049744
425;433;1000;0.01;150.0;0.02;MeOH;425;1.0;1.0;;S;3.0;10.0;10480.5;0.3;0.10480500000000001;0.014166666666666666;1575.0;433.txt;Methanol;[1.0, 0.0, 0.1, 0.0, 0.0];0.1254489946709736;480.49795529999994
426;434;1000;0.01;165.0;0.02;MeOH;425;1.0;0.0;;P;3.3000000000000003;10.0;10480.5;0.33;0.10480500000000001;0.012878787878787878;1590.0;434.txt;Methanol;[1.0, 0.0, 0.1, 0.0, 0.0];0.1734603383104818;501.8972778
427;435;1000;0.01;165.0;0.02;MeOH;425;1.0;1.0;;S;3.3000000000000003;10.0;10480.5;0.33;0.10480500000000001;0.012878787878787878;1590.0;435.txt;Methanol;[1.0, 0.0, 0.1, 0.0, 0.0];0.10861921184680146;482.4977112
