Sample No.;V (PbBr2 prec.);c (PbBr2);V (Cs-OA);c (Cs-OA);antisolvent;V (antisolvent);perovskite ?;monodispersity;PLQY;S/P
2;3000;0.01;150.0;0.02;EtAc;2000;1.0;1.0;0.0;P
3;1500;0.01;150.0;0.02;EtAc;2000;1.0;1.0;0.0;P
4;3000;0.01;150.0;0.02;MeAc;2000;1.0;1.0;0.0;P
5;1500;0.01;150.0;0.02;MeAc;2000;1.0;1.0;0.0;P
6;1500;0.01;150.0;0.02;Ac;2000;1.0;1.0;0.0;P
7;1500;0.01;150.0;0.02;Ac;2000;1.0;1.0;0.0;P
8;1500;0.01;150.0;0.02;Ac;1000;1.0;1.0;0.0;P
9;1500;0.01;150.0;0.02;Ac;1500;1.0;1.0;0.0;P
10;3000;0.01;150.0;0.02;EtOH;2000;1.0;1.0;0.0;P
11;3000;0.01;150.0;0.02;MeOH;750;1.0;1.0;0.0;P
12;1500;0.01;150.0;0.02;EtOH;1000;1.0;1.0;0.0;P
13;1500;0.01;150.0;0.02;MeOH;500;1.0;1.0;0.0;P
14;1500;0.01;150.0;0.02;i-PrOH;2000;1.0;1.0;0.0;P
15;1500;0.01;150.0;0.02;n-BuOH;2000;1.0;1.0;0.0;P
16;1500;0.01;150.0;0.02;n-PrOH;2000;1.0;0.0;0.0;P
17;1500;0.01;150.0;0.02;t-BuOH;2000;1.0;1.0;0.0;P
18;1500;0.01;150.0;0.005;Ac;2000;1.0;0.0;0.0;P
19;1500;0.01;150.0;0.01;Ac;2000;1.0;1.0;0.0;P
20;1500;0.01;150.0;0.04;Ac;2000;1.0;1.0;0.0;P
21;1500;0.01;150.0;0.1;Ac;2000;1.0;0.0;0.0;P
22;1500;0.01;150.0;0.2;Ac;2000;1.0;0.0;0.0;P
23;1500;0.01;600.0;0.005;Ac;2000;1.0;1.0;0.0;P
24;1500;0.01;300.0;0.01;Ac;2000;1.0;1.0;0.0;P
25;1500;0.01;75.0;0.04;Ac;2000;1.0;1.0;0.0;P
26;1500;0.01;30.0;0.1;Ac;2000;1.0;1.0;0.0;P
27;1500;0.01;15.0;0.2;Ac;2000;1.0;0.0;0.0;P
28;1500;0.0025;150.0;0.02;Ac;2000;1.0;0.0;0.0;P
29;1500;0.005;150.0;0.02;Ac;2000;1.0;0.0;0.0;P
30;1500;0.02;150.0;0.02;Ac;2000;1.0;0.0;0.0;P
31;1500;0.05;150.0;0.02;Ac;2000;1.0;1.0;0.0;P
32;1500;0.1;150.0;0.02;Ac;2000;1.0;0.0;0.0;P
33;1500;0.0025;150.0;0.005;Ac;2000;1.0;0.5;0.0;P
34;1500;0.005;150.0;0.01;Ac;2000;1.0;0.5;0.0;P
35;1500;0.02;150.0;0.04;Ac;2000;1.0;0.5;0.0;P
36;1500;0.05;150.0;0.1;Ac;2000;1.0;0.0;0.0;P
37;1500;0.1;150.0;0.2;Ac;2000;1.0;0.0;0.0;P
38;1500;0.01;150.0;0.02;Ac;2250;1.0;1.0;0.0;P
39;1500;0.01;150.0;0.02;Ac;2500;1.0;0.0;0.0;P
40;1500;0.01;150.0;0.02;Ac;2750;1.0;0.0;0.0;P
41;1500;0.01;150.0;0.02;Ac;3000;1.0;0.0;0.0;P
42;1500;0.01;150.0;0.02;Ac;3250;1.0;0.0;0.0;P
43;1500;0.01;150.0;0.02;Ac;3500;1.0;1.0;0.0;P
44;1500;0.01;150.0;0.02;Ac;3750;1.0;1.0;0.0;P
45;1500;0.01;150.0;0.02;Ac;4000;1.0;1.0;0.0;P
46;1500;0.01;150.0;0.02;EtOH;2250;1.0;1.0;0.0;P
47;1500;0.01;150.0;0.02;EtOH;2500;1.0;1.0;0.0;P
48;1500;0.01;150.0;0.02;EtOH;2750;1.0;1.0;0.0;P
49;1500;0.01;150.0;0.02;EtOH;3000;1.0;1.0;0.0;P
50;1500;0.01;150.0;0.02;EtOH;4000;1.0;0.0;0.0;P
51;1500;0.01;150.0;0.02;MeOH;250;1.0;1.0;0.0;P
52;1500;0.01;150.0;0.02;MeOH;500;1.0;1.0;0.0;P
53;1500;0.01;150.0;0.02;MeOH;750;1.0;1.0;0.0;P
54;1500;0.01;150.0;0.02;MeOH;1000;1.0;1.0;0.0;P
55;1500;0.01;150.0;0.02;MeOH;1250;1.0;1.0;0.0;P
56;1500;0.01;150.0;0.02;MeOH;1500;1.0;1.0;0.0;P
57;1500;0.01;150.0;0.02;MeOH;1750;1.0;0.0;0.0;P
58;1500;0.01;150.0;0.02;MeOH;2000;1.0;1.0;0.0;P
59;1200;0.01;300.0;0.02;MeOH;2000;1.0;1.0;0.0;P
60;1125;0.01;375.0;0.02;MeOH;2000;1.0;1.0;0.0;P
61;1000;0.01;500.0;0.02;EtOH;2000;1.0;1.0;0.0;P
62;1000;0.01;500.0;0.02;MeOH;2000;1.0;1.0;0.0;P
63;1610;0.01;40.0;0.02;EtOH;2000;1.0;1.0;0.0;P
64;1570;0.01;80.0;0.02;EtOH;2000;1.0;1.0;0.0;P
65;1535;0.01;115.0;0.02;EtOH;2000;1.0;1.0;0.0;P
66;1500;0.01;150.0;0.02;EtOH;2000;1.0;1.0;0.0;P
67;1465;0.01;185.0;0.02;EtOH;2000;1.0;1.0;0.0;P
68;1435;0.01;215.0;0.02;EtOH;2000;1.0;1.0;0.0;P
69;1395;0.01;245.0;0.02;EtOH;2000;1.0;0.0;0.0;P
70;1365;0.01;270.0;0.02;EtOH;2000;1.0;0.0;0.0;P
71;1500;0.01;600.0;0.005;EtOH;2000;1.0;1.0;0.0;P
72;1500;0.01;150.0;0.01;EtOH;2000;1.0;1.0;0.0;P
73;1500;0.01;150.0;0.02;EtOH;2000;1.0;1.0;0.0;P
74;1500;0.01;150.0;0.022;EtOH;2000;1.0;1.0;0.0;P
75;1500;0.01;150.0;0.024;EtOH;2000;1.0;1.0;0.0;P
76;1500;0.01;150.0;0.026;EtOH;2000;1.0;1.0;0.0;P
77;1500;0.01;150.0;0.028;EtOH;2000;1.0;1.0;0.0;P
78;1500;0.01;150.0;0.03;EtOH;2000;1.0;1.0;0.0;P
79;1500;0.01;150.0;0.04;EtOH;2000;1.0;0.0;0.0;P
80;1500;0.01;150.0;0.1;EtOH;2000;1.0;1.0;0.0;P
81;1500;0.02;150.0;0.02;EtOH;2000;1.0;1.0;0.0;P
82;1500;0.01;150.0;0.02;EtOH;2000;1.0;1.0;0.0;P
83;1500;0.009;150.0;0.02;EtOH;2000;1.0;1.0;0.0;P
84;1500;0.008;150.0;0.02;EtOH;2000;1.0;0.0;0.0;P
85;1500;0.0066;150.0;0.02;EtOH;2000;1.0;1.0;0.0;P
86;1500;0.005;150.0;0.02;EtOH;2000;1.0;1.0;0.0;P
87;1500;0.01;150.0;0.02;Ac;2000;1.0;1.0;0.0;P
88;1500;0.01;150.0;0.02;ACN;2000;1.0;1.0;0.0;P
89;1500;0.01;75.0;0.02;EtAc;1000;1.0;1.0;0.0;P
90;1500;0.01;75.0;0.02;MeAc;1000;1.0;1.0;0.0;P
91;1500;0.01;75.0;0.02;EtOH;1000;1.0;1.0;0.0;P
92;1500;0.01;75.0;0.02;MeOH;1000;1.0;1.0;0.0;P
93;1500;0.01;150.0;0.02;EtOH;2000;1.0;1.0;0.0;P
94;1500;0.01;150.0;0.02;EtAc;2000;1.0;1.0;0.0;P
95;1500;0.01;150.0;0.02;MeAc;2000;1.0;1.0;0.0;P
96;1500;0.01;150.0;0.02;MeOH;1000;1.0;1.0;0.0;P
97;1200;0.01;300.0;0.02;EtAc;2000;1.0;1.0;0.0;P
98;1200;0.01;300.0;0.02;MeAc;2000;1.0;1.0;0.0;P
99;1200;0.01;300.0;0.02;EtOH;2000;1.0;0.0;0.0;P
100;1200;0.01;300.0;0.02;MeOH;2000;1.0;1.0;0.0;P
101;1200;0.01;300.0;0.02;MeOH;1000;1.0;1.0;0.0;P
102;1125;0.01;375.0;0.02;EtAc;2000;1.0;1.0;0.0;P
103;1125;0.01;375.0;0.02;MeAc;2000;1.0;1.0;0.0;P
104;1125;0.01;375.0;0.02;EtOH;2000;1.0;1.0;0.0;P
105;1125;0.01;375.0;0.02;MeOH;2000;1.0;1.0;0.0;P
106;1000;0.01;500.0;0.02;EtOH;2000;1.0;0.0;0.0;P
107;1000;0.01;500.0;0.02;MeOH;2000;1.0;1.0;0.0;P
108;1000;0.01;500.0;0.02;MeAc;2000;1.0;1.0;0.0;P
109;1000;0.01;500.0;0.02;EtAc;2000;1.0;1.0;0.0;P
110;1500;0.01;75.0;0.02;MeOH;125;1.0;1.0;0.0;P
111;1500;0.01;75.0;0.02;MeOH;250;1.0;1.0;0.0;P
112;1500;0.01;75.0;0.02;MeOH;375;1.0;1.0;0.0;P
113;1500;0.01;75.0;0.02;MeOH;500;1.0;1.0;0.0;P
114;1500;0.01;75.0;0.02;MeOH;625;1.0;1.0;0.0;P
115;1500;0.01;75.0;0.02;MeOH;750;1.0;1.0;0.0;P
116;1500;0.01;75.0;0.02;MeOH;875;1.0;1.0;0.0;P
117;1500;0.01;75.0;0.02;MeOH;1000;1.0;1.0;0.0;P
118;1500;0.01;150.0;0.02;EtOH;250;1.0;1.0;0.0;P
119;1500;0.01;150.0;0.02;EtOH;500;1.0;1.0;0.0;P
120;1500;0.01;150.0;0.02;EtOH;750;1.0;1.0;0.0;P
121;1500;0.01;150.0;0.02;EtOH;1000;1.0;1.0;0.0;P
122;1500;0.01;150.0;0.02;EtOH;1250;1.0;1.0;0.0;P
123;1500;0.01;150.0;0.02;EtOH;1500;1.0;1.0;0.0;P
124;1500;0.01;150.0;0.02;EtOH;1750;1.0;1.0;0.0;P
125;1500;0.01;150.0;0.02;EtOH;2000;1.0;1.0;0.0;P
126;1500;0.01;75.0;0.02;Ac;2000;1.0;1.0;0.0;P
127;1500;0.01;75.0;0.04;Ac;2000;1.0;1.0;0.0;P
128;1500;0.01;75.0;0.04;Ac;1000;1.0;1.0;0.0;P
129;1500;0.01;75.0;0.04;Tol;0;1.0;1.0;0.0;P
130;1500;0.01;75.0;0.1;Ac;1000;1.0;1.0;0.0;P
131;1500;0.01;75.0;0.1;Tol;0;1.0;0.0;0.0;P
132;1500;0.01;75.0;0.2;Ac;1000;1.0;1.0;0.0;P
134;1500;0.01;75.0;0.02;Ac;500;1.0;1.0;0.0;P
135;1000;0.01;150.0;0.02;Ac;1850;1.0;1.0;0.0;P
136;960;0.01;190.0;0.02;Ac;1850;1.0;1.0;0.0;P
137;940;0.01;210.0;0.02;Ac;1850;1.0;1.0;0.0;P
138;920;0.01;230.0;0.02;Ac;1850;1.0;1.0;0.0;P
139;900;0.01;250.0;0.02;Ac;1850;1.0;1.0;0.0;P
140;880;0.01;270.0;0.02;Ac;1850;1.0;1.0;0.0;P
142;3505;0.074;847.0;0.014;butanone;1030;1.0;1.0;0.0257;P
143;2300;0.026;557.0;0.018;EtAc;1550;1.0;1.0;0.0357;P
144;3155;0.068;109.0;0.017;t-BuOH;840;;0.0;0.0;P
145;3370;0.032;497.0;0.003;CyPen;2125;;0.0;0.0;P
146;3930;0.071;743.0;0.018;DMF;1645;0.0;0.0;0.0;P
147;1245;0.063;481.0;0.004;CyPen;1030;1.0;0.0;0.194;P
148;4320;0.061;834.0;0.003;DMF;2980;0.0;0.0;0.0;P
149;3965;0.01;464.0;0.0156;MeAc;1990;1.0;1.0;0.0344;P
150;2205;0.01;473.0;0.0164;MeAc;1445;1.0;0.0;0.0722;P
151;1615;0.01;373.0;0.0159;n-PrOH;1585;1.0;1.0;0.0385;P
152;530;0.01;312.0;0.0138;EtAc;4050;1.0;0.0;0.313;P
153;1380;0.01;385.0;0.0146;n-PrOH;1850;1.0;0.0;0.1079;P
154;1330;0.01;26.0;0.0107;i-PrOH;3800;1.0;1.0;0.104;P
155;1270;0.01;448.0;0.0113;n-PrOH;1965;1.0;0.0;0.1288;P
157;657;0.01;166.0;0.0167;n-PrOH;1095;1.0;0.0;0.2111;P
158;534;0.01;13.0;0.0115;MeOH;3855;0.0;0.0;0.0;P
159;1880;0.01;490.0;0.0152;n-PrOH;4055;1.0;0.0;0.4171;P
160;1045;0.01;499.0;0.0177;MeOH;724;1.0;1.0;0.0254;P
161;799;0.01;259.0;0.0106;n-PrOH;2125;1.0;0.0;0.4593;P
162;550;0.01;294.0;0.0157;EtOH;4725;0.0;0.0;0.0;P
163;3000;0.01;150.0;0.02;DMF;2000;0.0;0.0;0.0;-
164;3000;0.01;150.0;0.02;DMF;2750;0.0;0.0;0.0;-
165;1500;0.01;150.0;0.02;DMF;1500;0.0;0.0;0.0;-
166;1500;0.01;150.0;0.02;DMF;2000;0.0;0.0;0.0;-
167;3000;0.01;150.0;0.02;DMSO;1750;0.0;0.0;0.0;-
168;3000;0.01;150.0;0.02;DMSO;2000;0.0;0.0;0.0;-
169;1500;0.01;150.0;0.02;DMSO;1000;0.0;0.0;0.0;-
170;1500;0.01;150.0;0.02;DMSO;2000;0.0;0.0;0.0;-
171;3000;0.01;150.0;0.02;ACN;1250;0.0;0.0;0.0;-
172;3000;0.01;150.0;0.02;ACN;2000;0.0;0.0;0.0;-
173;1500;0.01;150.0;0.02;ACN;750;0.0;0.0;0.0;-
174;1500;0.01;150.0;0.02;ACN;2000;0.0;0.0;0.0;-
175;2160;0.01;402.0;0.0178;MeAc;1125;1.0;0.0;0.0;P
176;2205;0.01;438.0;0.0183;EtAc;1920;1.0;0.0;0.0;P
177;625;0.01;174.0;0.0119;EtAc;860;1.0;0.0;0.0;P
178;4035;0.01;147.0;0.23;MeOH;845;1.0;1.0;0.0676;P
179;675;0.01;197.0;0.0132;n-BuOH;1120;1.0;1.0;0.2232;P
180;695;0.01;249.0;0.0173;i-PrOH;1155;1.0;0.0;0.6324;P
181;1395;0.01;425.0;0.0134;n-BuOH;2900;1.0;0.0;0.2597;P
182;695;0.01;221.0;0.0127;n-BuOH;3845;1.0;1.0;0.3467;P
183;1705;0.01;369.0;0.0185;n-BuOH;3950;1.0;0.0;0.2465;P
184;1455;0.01;381.0;0.0132;n-PrOH;4700;1.0;1.0;0.4538;P
185;1080;0.01;255.0;0.0174;n-BuOH;2385;1.0;0.0;0.2291;P
186;610;0.01;73.0;0.0175;MeOH;4400;0.0;0.0;0.0;P
187;965;0.01;326.0;0.0122;n-BuOH;2575;1.0;0.0;0.5882;P
188;975;0.01;278.0;0.0141;n-BuOH;3600;1.0;0.0;0.4904;P
189;1810;0.012;365.0;0.02;EtAc;1420;1.0;1.0;0.3066;S
190;1875;0.007;223.0;0.02;MeAc;977;1.0;1.0;0.3368;S
191;2270;0.011;500.0;0.02;EtOH;626;1.0;1.0;0.1049;P
192;1990;0.007;445.0;0.02;n-BuOH;497;1.0;1.0;0.2254;S
193;4505;0.003;327.0;0.02;EtOH;561;1.0;1.0;0.5376;S
194;2915;0.004;364.0;0.02;n-BuOH;3310;1.0;1.0;0.8772;S
195;3900;0.006;473.0;0.02;EtOH;1240;1.0;1.0;0.1126;S
196;4555;0.005;428.0;0.02;EtOH;1500;1.0;1.0;0.2832;S
197;4420;0.005;492.0;0.02;EtOH;910;1.0;1.0;0.2951;S
198;4960;0.002;190.0;0.02;EtOH;1920;1.0;1.0;0.4492;S
199;1585;0.006;387.0;0.02;MeOH;880;1.0;1.0;0.0156;P
200;1165;0.007;150.0;0.02;MeOH;759;1.0;1.0;0.5845;P
201;1765;0.011;435.0;0.02;MeOH;1195;1.0;1.0;0.376;P
202;2645;0.009;459.0;0.02;MeOH;1800;1.0;1.0;0.7182;P
203;4545;0.011;68.0;0.1217;MeOH;1255;1.0;1.0;0.4055;S
204;1200;0.0183;81.0;0.0952;MeOH;818;0.0;0.0;0.0;-
205;4955;0.0165;167.0;0.211;MeOH;3365;1.0;0.0;0.0;-
206;2635;0.0146;106.0;0.1315;MeOH;1810;1.0;0.0;0.1782;P
207;4710;0.0088;272.0;0.02;MeOH;1245;1.0;1.0;0.1045;P
208;1905;0.0061;452.0;0.02;EtOH;264;1.0;1.0;0.2203;S
209;3635;0.0124;474.0;0.02;MeOH;1005;1.0;1.0;0.1072;P
210;4875;0.0025;310.0;0.02;i-PrOH;2620;1.0;1.0;0.2439;S
211;4830;0.003;166.0;0.02;MeOH;1385;1.0;1.0;0.4177;S
212;4695;0.0022;262.0;0.02;i-PrOH;3360;1.0;1.0;0.2928;S
213;3615;0.0038;171.0;0.02;MeOH;995;1.0;1.0;0.4485;S
214;4820;0.0032;490.0;0.02;n-PrOH;4435;1.0;0.0;0.3061;P
215;1255;0.0107;340.0;0.02;MeOH;639;1.0;1.0;0.273;S
216;576;0.0184;318.0;0.02;MeOH;271;1.0;0.0;0.5809;S
217;2185;0.0047;255.0;0.02;MeOH;620;1.0;1.0;0.3935;S
218;4710;0.0088;272.0;0.02;MeOH;1245;1.0;1.0;0.4061;S
219;3635;0.0124;474.0;0.02;MeOH;1005;1.0;1.0;0.3037;S
220;4830;0.003;166.0;0.02;MeOH;1385;1.0;1.0;0.4468;P
221;3615;0.0038;171.0;0.02;MeOH;995;1.0;1.0;0.6156;P
222;4820;0.0032;490.0;0.02;n-PrOH;4435;1.0;1.0;0.254;S
223;2185;0.0047;255.0;0.02;MeOH;620;1.0;1.0;0.6558;P
224;1000;0.01;100.0;0.02;CyPen;1335;1.0;1.0;0.0;S
225;1000;0.005;100.0;0.02;CyPen;1335;1.0;1.0;0.0;S
226;1000;0.0033;100.0;0.02;CyPen;1335;1.0;1.0;0.0;S
227;1000;0.0025;100.0;0.02;CyPen;1335;1.0;1.0;0.0;S
228;1000;0.002;100.0;0.02;CyPen;1335;1.0;1.0;0.0;S
229;1000;0.0066;100.0;0.02;CyPen;1335;1.0;1.0;0.0;S
230;1000;0.004;100.0;0.02;CyPen;1335;1.0;1.0;0.0;S
231;1000;0.0029;100.0;0.02;CyPen;1335;1.0;1.0;0.0;S
232;1000;0.02;100.0;0.02;CyPen;1335;1.0;1.0;0.0;S
233;1000;0.0066;100.0;0.02;CyPen;1500;1.0;1.0;0.0;S
234;1000;0.0066;100.0;0.02;CyPen;1750;1.0;1.0;0.0;S
235;1000;0.0066;100.0;0.02;CyPen;2000;1.0;1.0;0.0;S
236;1500;0.0066;150.0;0.02;CyPen;1125;1.0;1.0;0.0;S
237;1500;0.0066;150.0;0.02;CyPen;750;1.0;1.0;0.0;S
238;1000;0.0066;100.0;0.02;CyPen;1250;1.0;1.0;0.0;S
239;750;0.0066;75.0;0.02;CyPen;2000;1.0;1.0;0.0;S
240;1000;0.0066;100.0;0.02;CyPen;1000;1.0;1.0;0.0;S
241;1000;0.0066;100.0;0.02;CyPen;2000;1.0;1.0;0.3196;S
242;1000;0.01;100.0;0.02;CyPen;1500;1.0;1.0;0.0;S
243;1000;0.01;100.0;0.02;CyPen;1225;1.0;1.0;0.0;S
244;750;0.02;75.0;0.02;CyPen;1840;1.0;1.0;0.0;S
245;1000;0.01;100.0;0.02;CyPen;1225;1.0;1.0;0.1761;S
246;769;0.0034;20.0;0.02;EtAc;3990;1.0;1.0;0.0596;P
247;829;0.015;330.0;0.02;n-PrOH;635;1.0;1.0;0.162;S
248;3690;0.0018;49.0;0.02;MeOH;752;1.0;1.0;0.5541;S
249;4935;0.0025;497.0;0.02;n-BuOH;3400;1.0;1.0;0.5796;S
250;3380;0.0031;217.0;0.02;n-BuOH;3490;1.0;1.0;0.1684;S
251;4875;0.002;374.0;0.02;n-BuOH;3630;1.0;1.0;0.6075;S
252;4390;0.0029;265.0;0.02;n-BuOH;3890;1.0;1.0;0.1546;S
253;4955;0.001;204.0;0.02;n-BuOH;3635;1.0;1.0;0.4226;S
254;3850;0.0023;190.0;0.02;n-BuOH;4105;1.0;1.0;0.3713;S
255;4915;0.0013;137.0;0.02;n-BuOH;4945;1.0;1.0;0.5442;S
256;4400;0.0062;455.0;0.02;n-BuOH;4405;1.0;1.0;0.2795;P
257;4400;0.0062;455.0;0.02;n-BuOH;4405;1.0;1.0;0.1692;S
258;3850;0.0023;190.0;0.02;n-BuOH;4105;1.0;1.0;0.5699;P
259;4915;0.0013;137.0;0.02;n-BuOH;4945;1.0;1.0;0.5442;P
260;4955;0.001;204.0;0.02;n-BuOH;3635;1.0;1.0;0.4631;P
261;829;0.015;330.0;0.02;n-PrOH;635;1.0;1.0;0.0561;P
262;4935;0.0025;497.0;0.02;n-BuOH;3400;1.0;1.0;0.0512;P
263;3380;0.0031;217.0;0.02;n-BuOH;3490;1.0;1.0;0.2924;P
264;4875;0.002;374.0;0.02;n-BuOH;3630;1.0;1.0;0.224;P
j1;2000;0.01;200.0;0.02;CyPen;2450;1.0;1.0;0.1551;S
j2;2000;0.01;200.0;0.02;EtOH;500;1.0;0.0;0.24;-
j3;2000;0.01;200.0;0.02;EtOH;1000;1.0;1.0;0.105;-
j4;1000;0.01;100.0;0.02;EtOH;1000;1.0;1.0;0.137;-
j5;1000;0.01;100.0;0.02;EtOH;1500;1.0;1.0;0.186;-
j6;1000;0.01;100.0;0.02;EtOH;2000;1.0;0.0;0.514;-
j7;1000;0.01;100.0;0.02;EtOH;2500;1.0;1.0;0.431;-
j8;1000;0.02;100.0;0.02;EtOH;2000;1.0;1.0;0.0798;-
j9;1000;0.02;100.0;0.02;EtOH;4000;1.0;0.0;0.2473;-
j10;1000;0.01;100.0;0.02;EtOH;1750;1.0;1.0;0.2131;-
j11;1000;0.01;50.0;0.02;EtOH;2000;1.0;1.0;0.2072;-
j14;4691;0.0034;248.58;0.02;EtOH;892;1.0;1.0;0.2732;S
j15;3485;0.00606;196.0;0.02;MeOH;962;1.0;0.0;0.1371;-
j16;3145;0.00696;174.0;0.02;MeOH;2366;1.0;1.0;0.4685;P
j17;3035;0.0021;165.0;0.02;n-BuOH;3295;1.0;1.0;0.1338;P
j18;2665;0.00477;356.0;0.02;n-BuOH;3265;1.0;1.0;0.1417;P
j19;2385;0.074;68.0;0.02;n-BuOH;4435;1.0;1.0;0.3161;P
j20;3331;0.0076;441.0;0.02;n-BuOH;4413;1.0;1.0;0.164;P
j21;637;0.01;165.0;0.02;n-BuOH;3295;1.0;1.0;0.1673;P
j22;675;0.047;169.0;0.02;EtOH;4435;1.0;1.0;0.7726;P
j23;4787;0.002;368.0;0.02;n-PrOH;1705;1.0;1.0;0.545;S
j24;4155;0.00409;288.0;0.02;n-PrOH;3185;1.0;0.0;0.2357;-
j25;2895;0.0031;242.0;0.02;n-BuOH;2215;1.0;0.0;0.2074;P
j26;150;0.1;100.0;0.02;n-BuOH;3300;1.0;1.0;0.7;P
j27;400;0.06;270.0;0.02;n-PrOH;3900;1.0;0.0;0.0;P
j28;740;0.032432432;270.0;0.02;n-PrOH;3900;1.0;1.0;0.2;P
j29;2240;0.010714286;270.0;0.02;n-PrOH;3900;1.0;1.0;0.09;S
j30;1662;0.01;288.0;0.02;n-PrOH;3185;1.0;1.0;0.19;S
j32;740;0.032432432;270.0;0.02;n-BuOH;4800;1.0;1.0;0.4254;S
j33;666;0.032432432;243.0;0.02;n-BuOH;4968;1.0;0.0;0.2473;P
j34;592;0.032432432;216.0;0.02;n-BuOH;4800;1.0;1.0;0.1953;S
j35;150;0.1;100.0;0.02;n-BuOH;3300;1.0;1.0;0.2107;P
j36;675;0.047407407;169.0;0.02;EtOH;4435;1.0;1.0;0.569;P
j37;500;0.01;100.0;0.02;HexOH;1000;1.0;1.0;0.2838;P
j38;500;0.01;100.0;0.02;HexOH;1625;1.0;1.0;0.343;S
j39;500;0.01;100.0;0.02;HexOH;2000;1.0;1.0;0.4331;S
j40;150;0.1;100.0;0.02;n-BuOH;3300;1.0;0.0;0.27;P
j41;500;0.01;100.0;0.02;HexOH;2500;1.0;1.0;0.406;S
j42;500;0.01;100.0;0.02;HexOH;3000;1.0;1.0;0.5164;S
j43;500;0.01;100.0;0.02;HexOH;3500;1.0;1.0;0.6289;P
j44;4606;0.001;538.0;0.02;EtOH;620;1.0;0.0;0.5848;-
j45;3646;0.0059;20.0;0.02;EtOH;3935;1.0;0.0;0.9162;S
265;1000;0.01;100.0;0.02;OctOH;2500;1.0;1.0;0.1525;S
266;1000;0.01;100.0;0.02;OctOH;2500;1.0;1.0;0.1316;P
267;1000;0.01;100.0;0.02;OctOH;3500;1.0;1.0;0.1882;S
268;1000;0.01;100.0;0.02;OctOH;3500;1.0;0.0;0.3054;P
269;1000;0.01;100.0;0.02;OctOH;3750;1.0;1.0;0.1605;S
270;1000;0.01;100.0;0.02;OctOH;3750;1.0;0.0;0.4118;P
271;1000;0.01;100.0;0.02;OctOH;4000;1.0;1.0;0.179;S
272;1000;0.01;100.0;0.02;OctOH;4000;1.0;1.0;0.4217;P
273;1000;0.01;100.0;0.02;OctOH;5000;1.0;1.0;0.2399;S
274;1000;0.01;100.0;0.02;OctOH;5000;1.0;0.0;0.8361;P
275;1000;0.01;100.0;0.04;i-PrOH;2000;1.0;1.0;0.4129;P
276;1000;0.01;100.0;0.04;i-PrOH;2500;1.0;1.0;0.3904;P
277;1000;0.01;100.0;0.04;i-PrOH;3000;1.0;0.0;0.5176;P
278;1000;0.01;100.0;0.04;i-PrOH;3500;1.0;0.0;0.6097;P
279;1000;0.01;100.0;0.04;i-PrOH;4000;1.0;1.0;0.6475;P
280;1000;0.01;100.0;0.04;i-PrOH;5000;1.0;1.0;0.5182;P
281;1000;0.01;100.0;0.04;i-PrOH;1700;1.0;1.0;0.1554;S
282;1000;0.01;100.0;0.04;i-PrOH;1700;1.0;1.0;0.3082;P
283;1000;0.01;100.0;0.04;i-PrOH;2750;1.0;0.0;0.4178;P
284;1000;0.01;100.0;0.04;i-PrOH;4500;1.0;1.0;0.5968;P
285;1000;0.01;100.0;0.02;i-PrOH;1750;1.0;1.0;0.1211;P
286;1000;0.01;100.0;0.02;i-PrOH;2000;1.0;0.0;0.154;P
287;1000;0.01;100.0;0.02;i-PrOH;2500;1.0;0.0;0.1601;P
288;1000;0.01;100.0;0.02;i-PrOH;1750;1.0;1.0;0.0;S
289;1000;0.01;100.0;0.02;i-PrOH;2000;1.0;1.0;0.0;S
290;1000;0.01;100.0;0.02;i-PrOH;2500;1.0;1.0;0.0;S
291;1000;0.01;100.0;0.02;i-PrOH;3000;1.0;1.0;0.1661;P
292;1000;0.01;100.0;0.02;i-PrOH;3500;1.0;1.0;0.1832;P
293;1000;0.01;100.0;0.02;i-PrOH;4000;1.0;1.0;0.1918;P
294;1000;0.01;100.0;0.02;i-PrOH;4500;1.0;1.0;0.2541;P
295;1000;0.01;100.0;0.02;i-PrOH;5000;1.0;1.0;0.2703;P
296;1000;0.01;50.0;0.02;i-PrOH;250;1.0;1.0;0.1177;P
297;1000;0.01;50.0;0.02;i-PrOH;500;1.0;1.0;0.127;P
298;1000;0.01;50.0;0.02;i-PrOH;750;1.0;1.0;0.1301;P
299;1000;0.01;75.0;0.02;i-PrOH;1000;1.0;1.0;0.1445;P
300;1500;0.01;150.0;0.02;i-PrOH;250;1.0;1.0;0.1349;P
301;1500;0.01;150.0;0.02;i-PrOH;500;1.0;1.0;0.1455;P
302;1500;0.01;75.0;0.02;Tol;0;1.0;1.0;0.1377;P
303;1500;0.01;75.0;0.04;Tol;0;1.0;1.0;0.1551;P
304;1500;0.01;150.0;0.03;Tol;0;1.0;1.0;0.3074;P
305;1000;0.01;100.0;0.04;Tol;0;1.0;1.0;0.3154;P
306;1000;0.01;100.0;0.05;Tol;0;1.0;1.0;0.4748;S
307;1000;0.01;100.0;0.06;Tol;0;1.0;1.0;0.6356;S
308;1000;0.01;100.0;0.07;Tol;0;1.0;1.0;0.7926;S
309;1000;0.01;100.0;0.08;Tol;0;1.0;1.0;0.8475;S
310;1000;0.01;100.0;0.09;Tol;0;1.0;1.0;0.8484;P
311;1000;0.01;100.0;0.1;Tol;0;1.0;1.0;0.5293;P
312;4215;0.003;159.0;0.02;i-PrOH;4500;1.0;0.0;0.2543;P
313;4215;0.003;159.0;0.02;i-PrOH;4500;1.0;1.0;0.2389;S
314;1000;0.01;100.0;0.02;CyPen;1335;1.0;1.0;0.0;P
315;1000;0.005;100.0;0.02;CyPen;1335;1.0;1.0;0.0;P
316;1000;0.0033;100.0;0.02;CyPen;1335;1.0;1.0;0.0;P
317;1000;0.0025;100.0;0.02;CyPen;1335;1.0;1.0;0.0;P
318;1000;0.002;100.0;0.02;CyPen;1335;1.0;1.0;0.0;P
319;1000;0.0066;100.0;0.02;CyPen;1335;1.0;1.0;0.0;P
320;1000;0.004;100.0;0.02;CyPen;1335;1.0;1.0;0.0;P
321;1000;0.0029;100.0;0.02;CyPen;1335;1.0;1.0;0.0;P
322;1000;0.02;100.0;0.02;CyPen;1335;1.0;1.0;0.0;P
323;1000;0.0066;100.0;0.02;CyPen;1500;1.0;1.0;0.0;P
324;1000;0.0066;100.0;0.02;CyPen;1750;1.0;1.0;0.0;P
325;1000;0.0066;100.0;0.02;CyPen;2000;1.0;1.0;0.0;P
326;1500;0.0066;150.0;0.02;CyPen;1125;1.0;1.0;0.0;P
327;1500;0.0066;150.0;0.02;CyPen;750;1.0;1.0;0.0;P
328;1000;0.0066;100.0;0.02;CyPen;1250;1.0;1.0;0.0;P
329;750;0.0066;75.0;0.02;CyPen;2000;1.0;1.0;0.0;P
330;1000;0.0066;100.0;0.02;CyPen;1000;1.0;1.0;0.0;P
331;1000;0.0066;100.0;0.02;CyPen;2000;1.0;1.0;0.0;P
332;1000;0.01;100.0;0.02;CyPen;1500;1.0;1.0;0.0;P
333;1000;0.01;100.0;0.02;CyPen;1225;1.0;1.0;0.0;P
334;750;0.02;75.0;0.02;CyPen;1840;1.0;1.0;0.0;P
335;1000;0.01;100.0;0.02;CyPen;1225;1.0;1.0;0.1518;P
336;4705;0.0063;68.0;0.02;MeOH;1390;1.0;1.0;0.2341;S
337;4705;0.0063;68.0;0.02;MeOH;1390;1.0;1.0;0.1457;P
338;2250;0.0072;68.0;0.02;CyPen;2520;1.0;1.0;0.3024;S
339;2250;0.0072;68.0;0.02;CyPen;2520;1.0;1.0;0.2571;P
340;2615;0.01;125.0;0.02;EtOH;3610;1.0;1.0;0.2503;P
341;1740;0.01;68.0;0.02;BuOH;4500;1.0;1.0;0.1224;S
342;1740;0.01;68.0;0.02;BuOH;4500;1.0;1.0;0.1317;P
343;4645;0.01;68.0;0.02;MeOH;2660;1.0;0.0;0.2683;P
j46;750;0.01;25.0;0.02;n-BuOH;1650;;1.0;0.368;P
j47;750;0.01;25.0;0.02;n-BuOH;1650;;1.0;0.4088;P
j49;2916;0.003998628;364.0;0.02;n-BuOH;3310;;1.0;0.207;P
j50;1500;0.01;100.0;0.02;n-BuOH;3300;;1.0;0.0967;P
j51;2150;0.01;40.0;0.02;EtOH;3940;;1.0;0.356;P
j52;2387;0.037012987;68.0;0.02;n-BuOH;4435;;0.0;0.2;P
j53;150;0.05;100.0;0.02;n-BuOH;3300;;1.0;0.257;P
j54;675;0.023703704;169.0;0.02;EtOH;4435;;1.0;0.3437;P
j55;150;0.025;25.0;0.02;n-BuOH;1650;;0.0;0.2547;P
j56;300;0.05;50.0;0.02;n-BuOH;3300;;1.0;0.1423;P
344;1500;0.01;150.0;0.025;Tol;0;1.0;1.0;0.3272;S
345;1500;0.01;150.0;0.025;Tol;0;1.0;1.0;0.3272;P
346;1500;0.01;150.0;0.045;Tol;0;1.0;1.0;0.4061;S
347;1500;0.01;150.0;0.045;Tol;0;1.0;1.0;0.3744;P
348;2590;0.01;403.0;0.02;CyPen;5000;1.0;1.0;0.2984;S
349;2590;0.01;403.0;0.02;CyPen;5000;1.0;1.0;0.263;P
350;2425;0.01;25.0;0.02;CyPen;4900;0.0;0.0;;-
351;2415;0.01;100.0;0.02;CyPen;4710;1.0;1.0;0.4292;S
352;2415;0.01;100.0;0.02;CyPen;4710;1.0;1.0;0.4292;P
353;678;0.01;152.5;0.02;CyPen;1975;1.0;1.0;0.4099;S
354;678;0.01;152.5;0.02;CyPen;1975;1.0;1.0;0.2626;P
355;1655;0.01;38.0;0.02;CyPen;4950;0.0;0.0;;-
356;1475;0.01;100.0;0.02;CyPen;4320;1.0;1.0;0.4701;S
357;1475;0.01;100.0;0.02;CyPen;4320;1.0;1.0;0.3623;P
358;1500;0.01;75.0;0.02;Tol;0;1.0;1.0;0.0391;P
359;1500;0.01;37.5;0.02;Tol;0;1.0;0.0;;P
360;1500;0.01;75.0;0.04;Tol;0;;1.0;;P
414;3000;0.01;150.0;0.02;EtOH;500;;1.0;;P
415;3000;0.01;150.0;0.02;EtOH;1000;;1.0;;P
j168;2466;0.01;200.0;0.02;MeOH;500;;1.0;0.0;P
j169;2466;0.01;20.0;0.2;MeOH;500;;1.0;0.0;P
j170;2466;0.01;200.0;0.04;MeOH;500;;1.0;0.0;P
j171;2466;0.01;200.0;0.065;MeOH;500;;1.0;0.0;P
j176;1262;0.0093;100.0;0.02;MeOH;500;;1.0;0.0;P
j177;1262;0.0093;15.0;0.2;MeOH;500;;1.0;0.0;P
421;1270;0.01;100.0;0.02;CyPen;2470;1.0;1.0;0.4108;P
422;1270;0.01;100.0;0.02;CyPen;2470;1.0;1.0;0.5046;S
423;1270;0.01;100.0;0.02;CyPen;2470;1.0;1.0;0.3745;P
424;1270;0.01;100.0;0.02;CyPen;2470;1.0;1.0;0.4258;S
425;1130;0.01;100.0;0.02;CyPen;2325;1.0;1.0;0.4783;P
426;1130;0.01;100.0;0.02;CyPen;2325;1.0;1.0;0.7443;S
430;1000;0.01;110.0;0.02;MeOH;425;1.0;0.0;;P
431;1000;0.01;110.0;0.02;MeOH;425;1.0;1.0;;S
432;1000;0.01;150.0;0.02;MeOH;425;1.0;1.0;;P
433;1000;0.01;150.0;0.02;MeOH;425;1.0;1.0;;S
434;1000;0.01;165.0;0.02;MeOH;425;1.0;0.0;;P
435;1000;0.01;165.0;0.02;MeOH;425;1.0;1.0;;S
436;750;0.01;150.0;0.02;OctOH;2390;1.0;1.0;;P
437;750;0.01;150.0;0.02;OctOH;4785;1.0;0.0;;P
438;650;0.01;198.0;0.02;OctOH;3110;1.0;0.0;;P
439;750;0.01;75.0;0.02;OctOH;4785;1.0;1.0;;P
440;522;0.01;52.0;0.02;OctOH;5000;1.0;1.0;;P
441;750;0.01;150.0;0.02;OctOH;2390;1.0;1.0;;S
442;750;0.01;150.0;0.02;OctOH;4785;1.0;1.0;;S
443;650;0.01;198.0;0.02;OctOH;3110;1.0;1.0;;S
444;750;0.01;75.0;0.02;OctOH;4785;1.0;1.0;;S
445;522;0.01;52.0;0.02;OctOH;5000;1.0;1.0;;S
